City_ID,City,Country,Date,Lat,Lng,Max Temp,Humidity,Cloudiness,Wind Speed
0,Maumere,ID,2021-03-27 18:22:16,-8.6199,122.2111,79.99,82,78,5.14
1,Butaritari,KI,2021-03-27 18:22:16,3.0707,172.7902,81.16,78,96,13.78
2,Georgetown,MY,2021-03-27 18:22:17,5.4112,100.3354,82.4,89,20,5.66
3,Narsaq,GL,2021-03-27 18:18:32,60.9167,-46.05,8.6,40,75,6.91
4,Catabola,AO,2021-03-27 18:22:17,-12.15,17.2833,63.28,91,94,1.81
5,Sechura,PE,2021-03-27 18:22:17,-5.5569,-80.8222,81.86,54,63,7.9
6,Port Alfred,ZA,2021-03-27 18:20:44,-33.5906,26.891,67.24,72,19,19.39
7,Tahta,EG,2021-03-27 18:22:17,26.7693,31.5021,68.0,18,0,13.8
8,Ushuaia,AR,2021-03-27 18:17:49,-54.8,-68.3,57.2,67,75,20.71
9,Maryville,US,2021-03-27 18:22:18,35.7565,-83.9705,59.0,88,90,8.05
10,Nikolskoye,RU,2021-03-27 18:22:18,59.7035,30.7861,42.8,65,0,4.47
11,Mahebourg,MU,2021-03-27 18:22:19,-20.4081,57.7,75.2,94,75,6.91
12,Sabang,ID,2021-03-27 18:22:19,5.8933,95.3214,80.6,80,99,13.18
13,Galle,LK,2021-03-27 18:22:19,6.0367,80.217,76.96,83,100,2.77
14,Rikitea,PF,2021-03-27 18:22:20,-23.1203,-134.9692,79.12,72,19,20.09
15,Saquarema,BR,2021-03-27 18:22:20,-22.92,-42.5103,95.0,70,0,16.11
16,Darhan,MN,2021-03-27 18:22:20,49.4867,105.9228,15.51,85,4,4.41
17,Mataura,NZ,2021-03-27 18:22:20,-46.1927,168.8643,55.99,93,60,1.97
18,Cherskiy,RU,2021-03-27 18:22:21,68.75,161.3,-22.23,99,31,5.12
19,Tual,ID,2021-03-27 18:22:21,-5.6667,132.75,82.99,78,98,11.18
20,Te Anau,NZ,2021-03-27 18:22:21,-45.4167,167.7167,56.88,95,99,2.37
21,Tuatapere,NZ,2021-03-27 18:21:36,-46.1333,167.6833,55.99,93,98,1.3
22,Dikson,RU,2021-03-27 18:22:21,73.5069,80.5464,-19.07,100,75,8.01
23,Vostok,RU,2021-03-27 18:22:22,46.4856,135.8833,33.37,98,100,3.85
24,Tuktoyaktuk,CA,2021-03-27 18:22:22,69.4541,-133.0374,-22.0,76,90,3.44
25,Ponta Delgada,PT,2021-03-27 18:22:22,37.7333,-25.6667,60.8,59,20,11.5
26,Tarboro,US,2021-03-27 18:18:56,35.8968,-77.5358,75.2,64,90,6.91
27,Halifax,CA,2021-03-27 18:19:14,44.6453,-63.5724,34.0,75,98,16.11
28,Port Elizabeth,ZA,2021-03-27 18:22:23,-33.918,25.5701,62.6,77,0,11.5
29,Baculin,PH,2021-03-27 18:22:23,7.4525,126.5842,77.86,84,99,8.79
30,Port Lincoln,AU,2021-03-27 18:22:23,-34.7333,135.8667,57.99,77,29,2.24
31,Kupang,ID,2021-03-27 18:22:23,-10.1667,123.5833,78.85,87,100,6.98
32,San Vicente,AR,2021-03-27 18:22:23,-26.6167,-54.1333,80.42,58,94,4.14
33,Thompson,CA,2021-03-27 18:17:54,55.7435,-97.8558,21.2,58,75,13.8
34,Puerto Ayora,EC,2021-03-27 18:22:24,-0.7393,-90.3518,82.4,74,20,11.5
35,Kara,TG,2021-03-27 18:22:24,9.5511,1.1861,91.4,31,20,9.22
36,Buala,SB,2021-03-27 18:22:24,-8.145,159.5921,79.97,83,52,8.03
37,Arlit,NE,2021-03-27 18:17:44,18.7369,7.3853,77.47,9,0,11.43
38,Berlevag,NO,2021-03-27 18:22:25,70.8578,29.0864,37.69,87,99,19.04
39,Punta Arenas,CL,2021-03-27 18:18:03,-53.15,-70.9167,66.2,48,40,20.71
40,Marawi,PH,2021-03-27 18:22:25,7.9986,124.2928,75.0,92,95,7.0
41,Lavrentiya,RU,2021-03-27 18:22:26,65.5833,-171.0,-15.38,89,12,4.52
42,Bredasdorp,ZA,2021-03-27 18:22:26,-34.5322,20.0403,62.6,59,91,2.3
43,Vaini,TO,2021-03-27 18:22:26,-21.2,-175.2,78.8,94,20,8.05
44,Salta,AR,2021-03-27 18:22:26,-24.7859,-65.4117,59.0,82,90,2.3
45,Busselton,AU,2021-03-27 18:22:27,-33.65,115.3333,55.99,92,51,8.75
46,Ahipara,NZ,2021-03-27 18:22:27,-35.1667,173.1667,65.8,88,100,12.03
47,Shar,KZ,2021-03-27 18:22:27,49.5886,81.0453,34.39,95,100,13.06
48,Hilo,US,2021-03-27 18:22:28,19.7297,-155.09,73.4,60,40,5.75
49,Pandan,PH,2021-03-27 18:22:28,14.0453,124.1694,78.24,87,79,6.85
50,Torbay,CA,2021-03-27 18:22:28,47.6666,-52.7314,30.0,100,90,27.63
51,Leopold,AU,2021-03-27 18:22:28,-38.1833,144.4667,52.0,87,81,10.36
52,Ginir,ET,2021-03-27 18:22:28,7.1333,40.7,63.39,31,99,3.6
53,Hokitika,NZ,2021-03-27 18:22:29,-42.7167,170.9667,60.67,97,100,7.43
54,Jamestown,US,2021-03-27 18:19:59,42.097,-79.2353,61.0,54,1,7.11
55,Werota,ET,2021-03-27 18:22:29,11.9167,37.7,77.63,21,0,8.79
56,Castro,BR,2021-03-27 18:22:30,-24.7911,-50.0119,81.75,51,94,4.63
57,Nizwa,OM,2021-03-27 18:21:09,22.9333,57.5333,83.28,24,16,10.63
58,Saint George,US,2021-03-27 18:21:02,37.1041,-113.5841,59.0,28,1,4.61
59,Mar Del Plata,AR,2021-03-27 18:22:30,-38.0023,-57.5575,66.0,77,75,25.32
60,La Ronge,CA,2021-03-27 18:22:30,55.1001,-105.2842,23.0,58,87,4.61
61,Lebu,CL,2021-03-27 18:22:30,-37.6167,-73.65,60.46,69,65,19.19
62,Lompoc,US,2021-03-27 18:18:39,34.6391,-120.4579,69.01,39,20,3.71
63,Opuwo,NA,2021-03-27 18:22:31,-18.0607,13.84,76.39,56,97,4.41
64,Cabo San Lucas,MX,2021-03-27 18:22:31,22.8909,-109.9124,78.01,60,1,4.92
65,Plouzane,FR,2021-03-27 18:22:28,48.3833,-4.6167,50.0,71,40,16.11
66,Dunedin,NZ,2021-03-27 18:22:31,-45.8742,170.5036,61.0,67,89,1.01
67,General Roca,AR,2021-03-27 18:22:32,-39.0333,-67.5833,75.2,16,0,8.05
68,Slobodskoy,RU,2021-03-27 18:22:32,58.7322,50.1772,24.98,91,87,5.41
69,Morros,BR,2021-03-27 18:22:32,-9.4467,-46.3003,85.24,52,100,3.02
70,Cape Town,ZA,2021-03-27 18:18:12,-33.9258,18.4232,64.99,67,0,14.97
71,Ban Nahin,LA,2021-03-27 18:22:32,18.2418,104.2122,81.41,55,71,2.15
72,Kapaa,US,2021-03-27 18:22:32,22.0752,-159.319,73.4,83,40,13.8
73,Luderitz,NA,2021-03-27 18:22:33,-26.6481,15.1594,66.96,71,0,19.91
74,Makakilo City,US,2021-03-27 18:18:45,21.3469,-158.0858,77.0,69,1,4.61
75,Victoria,HK,2021-03-27 18:18:50,22.2855,114.1577,73.99,88,13,2.68
76,Sabha,LY,2021-03-27 18:22:33,27.0377,14.4283,63.66,18,0,10.54
77,Rabo De Peixe,PT,2021-03-27 18:22:33,37.8,-25.5833,60.8,59,20,11.5
78,Sola,VU,2021-03-27 18:22:18,-13.8833,167.55,82.67,75,99,15.93
79,Sao Filipe,CV,2021-03-27 18:22:34,14.8961,-24.4956,71.44,70,2,20.76
80,Spirovo,RU,2021-03-27 18:22:34,57.419,34.9766,33.64,84,100,1.81
81,Scarborough,GB,2021-03-27 18:22:34,54.2797,-0.4044,46.99,65,97,4.0
82,Hailey,US,2021-03-27 18:22:35,43.5196,-114.3153,44.6,36,1,3.04
83,Oktyabrskoye,RU,2021-03-27 18:22:35,43.0645,44.7417,44.01,61,95,6.71
84,Portland,US,2021-03-27 18:20:16,45.5234,-122.6762,53.01,58,75,3.44
85,Birao,CF,2021-03-27 18:17:57,10.2849,22.7882,85.96,11,54,6.91
86,Great Yarmouth,GB,2021-03-27 18:22:35,52.6083,1.7305,48.2,57,95,11.5
87,Lasa,IT,2021-03-27 18:22:36,46.6166,10.7002,60.8,65,0,4.61
88,Yumen,CN,2021-03-27 18:22:36,40.2833,97.2,47.26,42,100,6.58
89,Tombouctou,ML,2021-03-27 18:22:36,20.0,-3.0,86.92,5,0,10.33
90,Barrow,US,2021-03-27 18:22:37,71.2906,-156.7887,-16.6,91,1,3.44
91,Nara,JP,2021-03-27 18:21:20,34.6851,135.8049,60.01,76,100,4.47
92,Provideniya,RU,2021-03-27 18:22:37,64.3833,-173.3,-4.49,100,100,4.34
93,Longyearbyen,SJ,2021-03-27 18:22:37,78.2186,15.6401,24.8,80,75,32.21
94,New Norfolk,AU,2021-03-27 18:22:38,-42.7826,147.0587,52.0,81,62,3.98
95,Vanavara,RU,2021-03-27 18:22:38,60.34,102.2797,17.1,96,91,6.08
96,Souillac,MU,2021-03-27 18:22:38,-20.5167,57.5167,75.2,94,75,6.91
97,Khatanga,RU,2021-03-27 18:22:38,71.9667,102.5,3.02,94,100,7.38
98,Fukue,JP,2021-03-27 18:22:39,32.6881,128.8419,65.03,95,100,22.03
99,Prescott,US,2021-03-27 18:22:39,34.54,-112.4685,52.0,61,1,3.44
100,Samarai,PG,2021-03-27 18:22:39,-10.6167,150.6667,83.08,78,99,14.27
101,Warrington,GB,2021-03-27 18:20:10,53.3925,-2.5802,51.8,66,75,12.66
102,Salalah,OM,2021-03-27 18:17:53,17.0151,54.0924,80.6,74,0,4.61
103,Klaksvik,FO,2021-03-27 18:22:40,62.2266,-6.589,39.2,87,75,24.16
104,Hofn,IS,2021-03-27 18:22:40,64.2539,-15.2082,25.34,93,100,23.53
105,Grindavik,IS,2021-03-27 18:22:40,63.8424,-22.4338,30.2,80,90,42.57
106,Broken Hill,AU,2021-03-27 18:18:40,-31.95,141.4333,57.2,62,50,6.91
107,Alice Springs,AU,2021-03-27 18:17:45,-23.7,133.8833,69.8,73,52,1.14
108,Rocha,UY,2021-03-27 18:18:21,-34.4833,-54.3333,76.48,74,59,2.15
109,Albany,US,2021-03-27 18:21:36,42.6001,-73.9662,57.99,43,29,6.76
110,Atuona,PF,2021-03-27 18:22:41,-9.8,-139.0333,80.33,79,79,20.15
111,Puerto Escondido,MX,2021-03-27 18:18:30,15.85,-97.0667,86.0,84,1,12.66
112,Culebra,PR,2021-03-27 18:22:41,18.303,-65.301,86.0,48,40,16.11
113,Airai,TL,2021-03-27 18:22:42,-8.9266,125.4092,59.88,93,100,2.28
114,Trenggalek,ID,2021-03-27 18:22:42,-8.05,111.7167,75.51,94,100,2.24
115,Taoudenni,ML,2021-03-27 18:22:43,22.6783,-3.9836,91.67,5,3,10.36
116,Bluff,NZ,2021-03-27 18:22:43,-46.6,168.3333,55.99,93,84,3.11
117,Srivardhan,IN,2021-03-27 18:22:43,18.0333,73.0167,84.27,41,4,2.46
118,Solnechnyy,RU,2021-03-27 18:22:43,50.7214,136.6319,25.07,95,95,2.19
119,Port Hawkesbury,CA,2021-03-27 18:22:44,45.6169,-61.3485,36.0,80,90,10.36
120,Qaqortoq,GL,2021-03-27 18:22:44,60.7167,-46.0333,8.6,40,75,6.91
121,Kodiak,US,2021-03-27 18:22:44,57.79,-152.4072,32.0,43,1,18.41
122,Severo-Kurilsk,RU,2021-03-27 18:22:04,50.6789,156.125,25.79,86,100,35.79
123,Sangar,RU,2021-03-27 18:18:25,63.9242,127.4739,13.82,96,100,4.32
124,Chokurdakh,RU,2021-03-27 18:22:45,70.6333,147.9167,-5.35,89,99,5.21
125,Ponta Do Sol,PT,2021-03-27 18:22:45,32.6667,-17.1,59.0,62,100,5.01
126,Faanui,PF,2021-03-27 18:22:46,-16.4833,-151.75,82.56,73,52,21.34
127,San Patricio,US,2021-03-27 18:22:46,28.017,-97.5169,84.0,69,75,16.11
128,Rawson,AR,2021-03-27 18:22:46,-43.3002,-65.1023,79.39,17,52,18.03
129,Kungurtug,RU,2021-03-27 18:22:47,50.5994,97.5228,10.62,91,7,2.37
130,Omboue,GA,2021-03-27 18:22:47,-1.5746,9.2618,79.25,86,89,7.14
131,Aksarka,RU,2021-03-27 18:22:47,66.5606,67.7975,-6.97,99,20,4.25
132,Foca,TR,2021-03-27 18:22:47,38.6703,26.7566,50.0,62,0,5.75
133,Maarianhamina,AX,2021-03-27 18:19:28,60.0973,19.9348,41.0,81,0,12.66
134,Zaria,NG,2021-03-27 18:22:48,11.1113,7.7227,82.09,12,1,10.27
135,San Miguel,SV,2021-03-27 18:22:48,13.4833,-88.1833,98.6,32,0,2.3
136,Lata,PT,2021-03-27 18:20:46,40.1629,-8.3327,61.0,75,95,5.99
137,Najran,SA,2021-03-27 18:22:49,17.4924,44.1277,80.6,12,0,4.61
138,Joshimath,IN,2021-03-27 18:22:49,30.5667,79.5667,52.45,39,9,7.76
139,Palmerston,AU,2021-03-27 18:22:49,-12.486,130.9833,77.0,88,75,2.3
140,Guangyuan,CN,2021-03-27 18:22:49,32.442,105.823,61.0,89,3,3.27
141,Kenai,US,2021-03-27 18:22:50,60.5544,-151.2583,24.8,58,90,4.61
142,Ternate,ID,2021-03-27 18:22:50,0.8,127.4,80.8,83,100,13.98
143,Knysna,ZA,2021-03-27 18:22:50,-34.0363,23.0471,60.8,77,40,2.3
144,Saint-Joseph,RE,2021-03-27 18:22:51,-21.3667,55.6167,77.0,94,0,3.44
145,East London,ZA,2021-03-27 18:22:51,-33.0153,27.9116,66.2,68,0,13.8
146,Waipawa,NZ,2021-03-27 18:21:55,-41.4122,175.5153,64.4,63,75,18.41
147,Ancud,CL,2021-03-27 18:22:51,-41.8697,-73.8203,64.4,63,0,5.75
148,Beira,MZ,2021-03-27 18:22:51,-19.8436,34.8389,80.6,94,20,6.91
149,Tessalit,ML,2021-03-27 18:22:52,20.1986,1.0114,81.28,5,0,11.97
150,Ust-Omchug,RU,2021-03-27 18:18:36,61.15,149.6333,-16.2,100,73,1.32
151,Bathsheba,BB,2021-03-27 18:22:52,13.2167,-59.5167,82.4,57,40,20.71
152,San Rafael,AR,2021-03-27 18:19:37,-34.6177,-68.3301,70.5,20,4,7.31
153,Half Moon Bay,US,2021-03-27 18:18:22,37.4636,-122.4286,68.0,67,1,4.61
154,Bethanien,NA,2021-03-27 18:22:52,-26.502,17.1583,73.35,20,0,8.66
155,Qaanaaq,GL,2021-03-27 18:22:53,77.484,-69.3632,-6.84,75,100,3.85
156,Saskylakh,RU,2021-03-27 18:22:53,71.9167,114.0833,-13.07,100,100,1.39
157,Yellowknife,CA,2021-03-27 18:22:53,62.456,-114.3525,21.0,62,75,10.36
158,Bengkulu,ID,2021-03-27 18:22:53,-3.8004,102.2655,76.28,91,100,6.82
159,Iqaluit,CA,2021-03-27 18:22:54,63.7506,-68.5145,-9.4,70,40,3.44
160,Bonavista,CA,2021-03-27 18:22:54,48.6499,-53.1147,28.99,93,100,10.36
161,Jacareacanga,BR,2021-03-27 18:22:54,-6.2222,-57.7528,85.28,69,34,2.35
162,Mumford,GH,2021-03-27 18:22:55,5.2618,-0.759,81.36,80,42,9.84
163,Zlitan,LY,2021-03-27 18:22:55,32.4674,14.5687,65.21,47,75,16.82
164,Port Blair,IN,2021-03-27 18:22:55,11.6667,92.75,81.77,78,96,4.12
165,Bubaque,GW,2021-03-27 18:18:04,11.2833,-15.8333,77.13,74,37,17.76
166,Maridi,SS,2021-03-27 18:22:56,4.9158,29.4742,74.59,56,100,2.98
167,Maningrida,AU,2021-03-27 18:22:56,-12.0667,134.2667,77.34,89,100,8.52
168,Chlorakas,CY,2021-03-27 18:22:56,34.8042,32.4083,48.2,57,20,8.05
169,Katsuura,JP,2021-03-27 18:22:56,35.1333,140.3,61.0,73,100,3.0
170,Ostrovnoy,RU,2021-03-27 18:19:20,68.0531,39.5131,33.08,82,76,25.01
171,Husavik,IS,2021-03-27 18:22:57,66.0449,-17.3389,19.4,45,0,9.22
172,Belcista,MK,2021-03-27 18:22:57,41.3028,20.8303,46.4,61,0,2.3
173,Avarua,CK,2021-03-27 18:20:47,-21.2078,-159.775,80.6,83,90,11.5
174,Hermanus,ZA,2021-03-27 18:22:57,-34.4187,19.2345,62.01,73,58,12.24
175,Eyl,SO,2021-03-27 18:22:58,7.9803,49.8164,79.52,77,79,14.36
176,Noumea,NC,2021-03-27 18:17:59,-22.2763,166.4572,80.01,94,0,1.14
177,Talnakh,RU,2021-03-27 18:22:58,69.4865,88.3972,13.03,96,100,1.21
178,Shumskiy,RU,2021-03-27 18:21:17,54.8318,99.1328,21.06,94,63,4.09
179,Aiton,RO,2021-03-27 18:22:58,46.6833,23.7333,46.4,53,0,2.89
180,Namatanai,PG,2021-03-27 18:21:55,-3.6667,152.4333,78.93,80,100,9.08
181,Laguna,US,2021-03-27 18:22:59,38.421,-121.4238,64.99,39,1,6.91
182,High Level,CA,2021-03-27 18:22:59,58.5169,-117.136,24.8,50,75,10.36
183,Leningradskiy,RU,2021-03-27 18:22:59,69.3833,178.4167,-18.6,91,20,7.02
184,Bowen,AU,2021-03-27 18:22:59,-20.0167,148.2333,71.6,94,3,6.91
185,Erdenet,MN,2021-03-27 18:23:00,49.0333,104.0833,19.74,82,99,2.06
186,Pangai,TO,2021-03-27 18:23:00,-19.8,-174.35,80.6,83,75,14.97
187,Loandjili,CG,2021-03-27 18:23:00,-4.7561,11.8578,84.2,74,20,9.22
188,Sao Jose Da Coroa Grande,BR,2021-03-27 18:23:00,-8.8978,-35.1478,82.74,69,66,9.1
189,Harper,LR,2021-03-27 18:23:01,4.375,-7.7169,81.18,77,40,6.51
190,Lodja,CD,2021-03-27 18:23:01,-3.4833,23.4333,77.36,68,97,1.59
191,Hobart,AU,2021-03-27 18:20:19,-42.8794,147.3294,52.0,82,51,8.05
192,Esperance,AU,2021-03-27 18:23:01,-33.8667,121.9,60.8,88,72,8.05
193,Kanniyakumari,IN,2021-03-27 18:23:02,8.0833,77.5667,82.87,76,100,8.68
194,Tiksi,RU,2021-03-27 18:23:02,71.6872,128.8694,7.02,98,100,0.45
195,Mutoko,ZW,2021-03-27 18:23:02,-17.397,32.2268,67.03,75,58,2.71
196,Iwanai,JP,2021-03-27 18:23:02,42.9744,140.5089,33.01,82,100,7.63
197,Saint-Philippe,RE,2021-03-27 18:23:03,-21.3585,55.7679,77.0,94,0,3.44
198,Ribeira Grande,PT,2021-03-27 18:21:12,38.5167,-28.7,64.4,82,40,12.66
199,Taltal,CL,2021-03-27 18:23:03,-25.4,-70.4833,68.7,67,10,5.26
200,Sur,OM,2021-03-27 18:23:03,22.5667,59.5289,81.27,52,97,9.28
201,Isangel,VU,2021-03-27 18:19:12,-19.55,169.2667,76.96,88,7,7.74
202,Lar,IN,2021-03-27 18:23:04,26.2039,83.9717,76.64,14,0,3.6
203,Kaitangata,NZ,2021-03-27 18:23:04,-46.2817,169.8464,53.64,78,38,5.12
204,Kodinsk,RU,2021-03-27 18:18:08,58.6881,99.1844,21.18,97,95,3.53
205,Flinders,AU,2021-03-27 18:23:04,-34.5833,150.8552,63.0,81,24,1.01
206,Acari,PE,2021-03-27 18:23:04,-15.4311,-74.6158,82.51,51,78,11.1
207,Port Hardy,CA,2021-03-27 18:23:05,50.6996,-127.4199,46.4,87,90,8.05
208,Gold Coast,AU,2021-03-27 18:23:05,-28.0,153.4333,66.0,94,4,1.14
209,Khani,GE,2021-03-27 18:18:16,41.9563,42.9566,42.8,87,75,16.11
210,Magadan,RU,2021-03-27 18:23:05,59.5667,150.8,-5.3,98,89,4.36
211,Geraldton,AU,2021-03-27 18:23:06,-28.7667,114.6,64.4,72,3,9.22
212,Hasaki,JP,2021-03-27 18:23:06,35.7333,140.8333,57.2,72,75,10.36
213,Mityana,UG,2021-03-27 18:23:06,0.4175,32.0228,73.4,78,20,4.61
214,Fort Nelson,CA,2021-03-27 18:23:06,58.8053,-122.7002,32.0,55,75,4.76
215,Haapiti,PF,2021-03-27 18:23:07,-17.5667,-149.8667,78.8,83,75,3.44
216,Xining,CN,2021-03-27 18:23:07,36.6167,101.7667,43.03,30,68,1.07
217,Chuy,UY,2021-03-27 18:23:07,-33.6971,-53.4616,75.15,80,91,2.17
218,Aasiaat,GL,2021-03-27 18:23:08,68.7098,-52.8699,-17.09,88,72,5.91
219,Vila Velha,BR,2021-03-27 18:23:08,-20.3297,-40.2925,84.2,70,20,13.8
220,Kieta,PG,2021-03-27 18:22:29,-6.2167,155.6333,78.17,86,100,5.32
221,Faya,SA,2021-03-27 18:23:08,18.3851,42.4509,66.2,63,0,5.75
222,Jalu,LY,2021-03-27 18:23:09,29.0331,21.5482,60.31,31,0,9.35
223,Igarka,RU,2021-03-27 18:23:09,67.4667,86.5833,8.71,96,100,5.88
224,Antofagasta,CL,2021-03-27 18:23:09,-23.65,-70.4,72.0,63,20,12.66
225,Luvianos,MX,2021-03-27 18:23:10,18.9167,-100.4,84.96,12,5,5.97
226,Tazovskiy,RU,2021-03-27 18:23:10,67.4667,78.7,2.23,96,99,13.8
227,Santa Maria,BR,2021-03-27 18:23:10,-29.6842,-53.8069,77.0,78,40,2.3
228,Huarmey,PE,2021-03-27 18:23:11,-10.0681,-78.1522,74.86,73,38,9.01
229,Gorin,RU,2021-03-27 18:23:11,51.1983,136.6669,23.29,98,96,2.08
230,Marzuq,YE,2021-03-27 18:23:11,14.4,46.4667,68.76,43,20,7.61
231,Namchi,IN,2021-03-27 18:23:11,27.1667,88.35,68.0,73,20,6.24
232,Sidrolandia,BR,2021-03-27 18:23:11,-20.9319,-54.9614,89.6,40,75,9.22
233,Torit,SS,2021-03-27 18:23:12,4.4133,32.5678,80.67,48,96,3.31
234,Teguise,ES,2021-03-27 18:23:12,29.0605,-13.564,69.8,73,20,11.5
235,Shunyi,CN,2021-03-27 18:23:12,40.125,116.6453,55.0,87,56,4.47
236,Clyde River,CA,2021-03-27 18:21:13,70.4692,-68.5914,-0.4,71,75,1.16
237,Kavieng,PG,2021-03-27 18:23:13,-2.5744,150.7967,81.07,79,95,14.34
238,Payson,US,2021-03-27 18:23:13,40.0444,-111.7321,48.99,52,20,5.75
239,Pochutla,MX,2021-03-27 18:23:13,15.7432,-96.4661,91.0,40,1,12.66
240,Yar-Sale,RU,2021-03-27 18:23:13,66.8333,70.8333,-6.02,99,12,8.28
241,Ndele,CF,2021-03-27 18:23:14,8.4109,20.6473,85.41,38,84,1.61
242,Nanortalik,GL,2021-03-27 18:23:14,60.1432,-45.2371,10.42,69,17,21.23
243,Tautira,PF,2021-03-27 18:23:14,-17.7333,-149.15,78.8,83,75,3.44
244,Nueva Loja,EC,2021-03-27 18:23:15,0.0847,-76.8828,78.8,89,90,2.3
245,Obo,CF,2021-03-27 18:23:15,5.3998,26.4869,76.77,59,59,3.04
246,Vila Franca Do Campo,PT,2021-03-27 18:23:16,37.7167,-25.4333,60.8,59,20,11.5
247,Zhanaozen,KZ,2021-03-27 18:23:16,43.3,52.8,39.25,66,41,13.73
248,Malatya,TR,2021-03-27 18:22:11,38.5,38.0,41.0,42,0,14.97
249,Makat,KZ,2021-03-27 18:23:16,47.6469,53.3463,35.13,86,100,10.29
250,Cidreira,BR,2021-03-27 18:20:56,-30.1811,-50.2056,77.65,76,98,6.46
251,Aklavik,CA,2021-03-27 18:23:16,68.2191,-135.0107,-9.4,77,75,8.05
252,San Carlos,VE,2021-03-27 18:23:17,9.6612,-68.5827,93.42,30,96,3.24
253,Teeli,RU,2021-03-27 18:21:16,51.0333,90.2333,29.98,39,100,1.66
254,Haines Junction,CA,2021-03-27 18:23:17,60.7522,-137.5108,24.8,68,99,5.75
255,Hodal,IN,2021-03-27 18:23:17,27.9,77.3667,82.99,47,0,5.06
256,Okato,NZ,2021-03-27 18:23:17,-39.2,173.8833,57.99,77,100,5.01
257,Bichura,RU,2021-03-27 18:23:18,50.5881,107.6022,19.6,93,88,4.99
258,Porto Velho,BR,2021-03-27 18:23:18,-8.7619,-63.9039,86.0,66,40,8.05
259,Kirakira,SB,2021-03-27 18:23:18,-10.4544,161.9205,80.29,84,74,8.5
260,Fortuna,US,2021-03-27 18:18:27,40.5982,-124.1573,60.01,71,1,3.44
261,Arraial Do Cabo,BR,2021-03-27 18:23:18,-22.9661,-42.0278,93.2,70,0,16.11
262,Novobureyskiy,RU,2021-03-27 18:23:19,49.798,129.8774,33.82,95,100,4.83
263,Viedma,AR,2021-03-27 18:23:19,-40.8135,-62.9967,74.61,16,41,8.93
264,Mahbubnagar,IN,2021-03-27 18:23:19,16.7333,77.9833,88.18,21,71,2.95
265,Tevriz,RU,2021-03-27 18:23:20,57.509,72.4042,32.0,98,100,4.29
266,Los Llanos De Aridane,ES,2021-03-27 18:23:20,28.6585,-17.9182,69.8,56,75,6.91
267,Nantucket,US,2021-03-27 18:23:20,41.2835,-70.0995,50.0,66,1,11.5
268,Bethel,US,2021-03-27 18:23:21,41.3712,-73.414,64.0,39,90,6.91
269,Plettenberg Bay,ZA,2021-03-27 18:23:21,-34.0527,23.3716,62.33,73,80,6.13
270,Rundu,NA,2021-03-27 18:23:21,-17.9333,19.7667,70.23,72,91,3.89
271,Tilichiki,RU,2021-03-27 18:23:21,60.4667,166.1,-4.85,94,100,11.61
272,San Quintin,MX,2021-03-27 18:18:31,30.4833,-115.95,64.09,45,0,5.48
273,Udachnyy,RU,2021-03-27 18:23:22,66.4167,112.4,-10.07,100,54,3.38
274,Mecca,SA,2021-03-27 18:23:22,21.4267,39.8261,74.16,49,1,9.1
275,Calabar,NG,2021-03-27 18:23:22,4.9517,8.322,81.21,80,96,5.37
276,Waddan,LY,2021-03-27 18:23:22,29.1614,16.139,63.03,22,1,10.07
277,Abu Samrah,SY,2021-03-27 18:23:23,35.3029,37.1841,45.27,59,21,7.25
278,Vao,NC,2021-03-27 18:19:33,-22.6667,167.4833,77.63,80,6,11.23
279,Belmonte,BR,2021-03-27 18:23:23,-15.8631,-38.8828,84.2,61,20,12.66
280,Ilulissat,GL,2021-03-27 18:18:47,69.2167,-51.1,-9.4,45,40,6.91
281,Dimbokro,CI,2021-03-27 18:23:24,6.6451,-4.7048,82.26,75,75,3.18
282,Pemangkat,ID,2021-03-27 18:23:24,1.1667,108.9667,77.52,87,100,3.11
283,Esna,EG,2021-03-27 18:23:24,25.2934,32.554,68.0,34,0,4.61
284,Harrisburg,US,2021-03-27 18:19:16,40.2737,-76.8844,69.8,40,1,10.36
285,Thinadhoo,MV,2021-03-27 18:23:24,0.5333,72.9333,83.61,72,100,10.45
286,Miedzyrzecz,PL,2021-03-27 18:23:25,52.4446,15.578,42.01,81,0,11.5
287,Pacific Grove,US,2021-03-27 18:23:25,36.6177,-121.9166,70.0,32,1,4.61
288,Adrar,MR,2021-03-27 18:23:25,20.5022,-10.0711,92.07,5,5,8.39
289,Yerbogachen,RU,2021-03-27 18:23:26,61.2767,108.0108,13.39,96,97,4.9
290,Wahiawa,US,2021-03-27 18:23:26,21.5028,-158.0236,77.0,69,1,4.61
291,Flin Flon,CA,2021-03-27 18:23:26,54.7682,-101.865,24.8,42,40,11.5
292,Moerai,PF,2021-03-27 18:23:27,-22.4333,-151.3333,81.37,72,6,20.96
293,Coffs Harbour,AU,2021-03-27 18:19:22,-30.3,153.1333,60.8,94,0,4.72
294,Marinette,US,2021-03-27 18:21:25,45.1,-87.6307,37.4,93,90,9.22
295,Nizhnyaya Tura,RU,2021-03-27 18:23:27,58.6293,59.8118,21.45,91,80,4.83
296,Shubarshi,KZ,2021-03-27 18:23:27,48.5872,57.1869,29.17,93,98,8.52
297,Owerri,NG,2021-03-27 18:19:50,5.4833,7.0304,86.0,74,40,6.91
298,Rehoboth,NA,2021-03-27 18:23:28,-23.3167,17.0833,73.56,23,0,4.92
299,Chachapoyas,PE,2021-03-27 18:23:28,-6.2317,-77.869,62.83,84,90,2.01
300,Goure,NE,2021-03-27 18:23:28,13.9835,10.2704,81.0,12,45,7.0
301,Coquimbo,CL,2021-03-27 18:23:29,-29.9533,-71.3436,62.6,72,20,13.8
302,Muros,ES,2021-03-27 18:23:29,42.7762,-9.0603,62.01,49,0,6.26
303,Russell,US,2021-03-27 18:23:29,32.3502,-85.1999,84.2,58,40,9.22
304,Dharchula,IN,2021-03-27 18:23:30,29.85,80.5333,60.76,30,15,7.43
305,Meulaboh,ID,2021-03-27 18:19:20,4.1363,96.1285,76.1,90,100,3.62
306,Saint-Augustin,CA,2021-03-27 18:23:30,51.226,-58.6502,24.6,67,68,15.88
307,Ballina,AU,2021-03-27 18:23:31,-28.8667,153.5667,62.6,94,0,1.14
308,Chimoio,MZ,2021-03-27 18:23:31,-19.1164,33.4833,75.2,83,40,5.75
309,Portree,GB,2021-03-27 18:23:31,57.4129,-6.1942,43.0,89,100,31.0
310,Bambous Virieux,MU,2021-03-27 18:21:04,-20.3428,57.7575,78.01,94,75,6.91
311,Cananeia,BR,2021-03-27 18:23:31,-25.0147,-47.9267,85.6,63,17,8.37
312,Enid,US,2021-03-27 18:23:32,36.3956,-97.8784,66.99,45,90,18.41
313,Chapais,CA,2021-03-27 18:23:32,49.7834,-74.8492,35.6,44,1,8.05
314,Ust-Ilimsk,RU,2021-03-27 18:23:32,58.0006,102.6619,9.45,98,70,5.03
315,Bud,US,2021-03-27 18:23:33,39.447,-86.1758,69.01,52,1,11.5
316,Akureyri,IS,2021-03-27 18:23:33,65.6835,-18.0878,19.4,45,0,9.22
317,Teya,RU,2021-03-27 18:21:16,60.3778,92.6267,26.31,94,100,5.57
318,Palmas Bellas,PA,2021-03-27 18:23:33,9.2319,-80.0867,84.99,70,13,15.99
319,Kasempa,ZM,2021-03-27 18:23:34,-13.4584,25.8338,64.38,96,96,1.99
320,Shelburne,CA,2021-03-27 18:23:34,44.0787,-80.2041,50.0,65,41,7.65
321,Pevek,RU,2021-03-27 18:23:34,69.7008,170.3133,-21.46,97,96,4.12
322,Dicabisagan,PH,2021-03-27 18:23:34,17.0818,122.4157,75.87,89,82,2.89
323,Oneonta,US,2021-03-27 18:23:35,42.4529,-75.0638,50.0,69,94,7.52
324,Carnarvon,AU,2021-03-27 18:23:35,-24.8667,113.6333,75.2,83,0,6.91
325,Nonantola,IT,2021-03-27 18:23:35,44.6761,11.0321,57.2,67,0,2.3
326,Touros,BR,2021-03-27 18:23:35,-5.1989,-35.4608,82.4,78,75,10.36
327,Maceio,BR,2021-03-27 18:19:16,-9.6658,-35.7353,75.2,94,75,3.44
328,Coahuayana,MX,2021-03-27 18:19:00,18.7333,-103.6833,80.6,41,20,9.22
329,Baykit,RU,2021-03-27 18:22:17,61.67,96.37,22.66,98,100,2.62
330,Smithers,CA,2021-03-27 18:23:36,54.7804,-127.1743,39.2,87,90,8.05
331,Acapulco,MX,2021-03-27 18:19:13,16.8634,-99.8901,84.2,61,1,5.75
332,Tiarei,PF,2021-03-27 18:19:16,-17.5333,-149.3333,78.8,83,75,3.44
333,Pimentel,PE,2021-03-27 18:23:36,-6.8367,-79.9342,84.2,51,40,11.5
334,Komsomolskiy,UZ,2021-03-27 18:23:36,40.4272,71.7189,55.4,82,100,6.91
335,Ferme-Neuve,CA,2021-03-27 18:23:37,46.7001,-75.4493,39.2,65,79,2.3
336,Terme,TR,2021-03-27 18:23:37,41.2092,36.9739,44.6,76,75,4.61
337,La Palma,US,2021-03-27 18:23:37,33.8464,-118.0467,70.0,45,1,3.02
338,Codrington,AU,2021-03-27 18:23:37,-38.2667,141.9667,53.15,85,88,7.45
339,Santiago Del Estero,AR,2021-03-27 18:23:37,-27.7951,-64.2615,77.86,26,39,15.21
340,Ambon,ID,2021-03-27 18:23:38,-3.6954,128.1814,75.2,100,40,4.61
341,Bousse,BF,2021-03-27 18:23:38,12.6606,-1.8922,98.6,18,15,11.5
342,Caravelas,BR,2021-03-27 18:23:38,-17.7125,-39.2481,84.69,53,0,9.08
343,Ihosy,MG,2021-03-27 18:23:38,-22.4,46.1167,68.32,75,15,4.14
344,Sapouy,BF,2021-03-27 18:23:39,11.5544,-1.7736,97.14,16,5,9.48
345,Upernavik,GL,2021-03-27 18:20:57,72.7868,-56.1549,-22.04,76,3,4.45
346,Rio Gallegos,AR,2021-03-27 18:23:39,-51.6226,-69.2181,64.4,45,75,17.27
347,West Plains,US,2021-03-27 18:23:39,36.7281,-91.8524,77.0,56,1,6.91
348,Poum,NC,2021-03-27 18:23:40,-20.2333,164.0167,80.02,76,55,10.78
349,Inhambane,MZ,2021-03-27 18:21:12,-23.865,35.3833,78.01,94,20,7.61
350,Loralai,PK,2021-03-27 18:23:40,30.3705,68.598,72.05,24,3,7.36
351,Roma,US,2021-03-27 18:18:43,43.2128,-75.4557,46.99,57,90,4.61
352,Plainview,US,2021-03-27 18:23:40,40.7765,-73.4673,66.0,45,75,10.36
353,Campiglia Marittima,IT,2021-03-27 18:23:41,43.0602,10.6152,57.99,70,62,8.23
354,Boguchany,RU,2021-03-27 18:23:41,58.3814,97.4531,21.33,98,100,3.56
355,Sorland,NO,2021-03-27 18:23:41,67.667,12.6934,39.34,89,100,30.91
356,Chegutu,ZW,2021-03-27 18:23:41,-18.1302,30.1407,66.38,83,39,4.0
357,Dzhebariki-Khaya,RU,2021-03-27 18:23:42,62.2167,135.8,13.23,97,100,1.54
358,Blankenberge,BE,2021-03-27 18:23:42,51.3131,3.1323,48.0,60,68,3.0
359,Chicama,PE,2021-03-27 18:23:42,-7.8447,-79.1469,73.4,78,0,11.5
360,Beyneu,KZ,2021-03-27 18:23:43,45.3167,55.2,37.18,77,93,17.07
361,Tambacounda,SN,2021-03-27 18:23:43,13.7539,-13.7586,107.6,29,0,6.91
362,Tasiilaq,GL,2021-03-27 18:23:43,65.6145,-37.6368,15.8,57,90,26.46
363,Ambilobe,MG,2021-03-27 18:22:18,-13.2,49.05,75.51,93,100,0.78
364,Sibolga,ID,2021-03-27 18:23:44,1.7427,98.7792,76.19,88,100,3.38
365,Talcahuano,CL,2021-03-27 18:23:44,-36.7167,-73.1167,71.6,46,0,16.11
366,Launceston,AU,2021-03-27 18:23:44,-41.45,147.1667,50.0,100,65,10.36
367,Bria,CF,2021-03-27 18:23:13,6.5423,21.9863,81.66,50,58,3.15
368,Scottsbluff,US,2021-03-27 18:23:45,41.8666,-103.6672,46.99,87,90,19.57
369,Puerto Baquerizo Moreno,EC,2021-03-27 18:22:37,-0.9,-89.6,84.2,74,20,10.36
370,Izazi,TZ,2021-03-27 18:23:45,-7.2,35.7333,64.4,94,75,0.31
371,Rio Grande,BR,2021-03-27 18:23:45,-32.035,-52.0986,80.6,65,40,8.05
372,Leiyang,CN,2021-03-27 18:23:46,26.4024,112.8591,63.99,86,84,3.04
373,Labuhan,ID,2021-03-27 18:23:46,-6.8844,112.2051,78.6,86,92,0.58
374,Jackson,US,2021-03-27 18:21:51,42.4165,-122.8345,57.0,62,1,1.48
375,Sheltozero,RU,2021-03-27 18:23:46,61.3667,35.3667,32.95,94,100,4.12
376,Point Pedro,LK,2021-03-27 18:23:46,9.8167,80.2333,81.88,80,74,10.36
377,Asau,RO,2021-03-27 18:23:47,46.4333,26.4,44.01,44,8,4.97
378,Bonthe,SL,2021-03-27 18:23:47,7.5264,-12.505,83.16,73,61,11.45
379,Vila Do Maio,CV,2021-03-27 18:23:47,15.1333,-23.2167,73.4,56,40,13.8
380,Gandu,BR,2021-03-27 18:23:47,-13.7439,-39.4867,91.06,35,70,7.63
381,Kibre Mengist,ET,2021-03-27 18:23:48,5.8833,38.9833,61.5,36,100,1.63
382,Omsukchan,RU,2021-03-27 18:23:48,62.5333,155.8,-19.32,99,76,3.89
383,Odweyne,SO,2021-03-27 18:23:48,9.4092,45.064,72.95,51,9,8.14
384,Chivilcoy,AR,2021-03-27 18:23:48,-34.8957,-60.0167,71.01,67,99,4.0
385,Harnosand,SE,2021-03-27 18:19:34,62.6323,17.9379,37.4,87,20,5.75
386,Salsomaggiore Terme,IT,2021-03-27 18:23:48,44.8148,9.9796,59.0,77,20,5.75
387,Beloha,MG,2021-03-27 18:23:49,-25.1667,45.05,73.36,78,38,4.7
388,Yermekeyevo,RU,2021-03-27 18:23:49,54.0761,53.6712,32.94,96,100,11.05
389,Mehamn,NO,2021-03-27 18:23:49,71.0357,27.8492,37.65,87,98,13.15
390,Longhua,CN,2021-03-27 18:23:50,23.6137,114.1919,70.9,87,11,1.48
391,Iquique,CL,2021-03-27 18:23:50,-20.2208,-70.1431,71.6,56,0,11.5
392,Norman Wells,CA,2021-03-27 18:23:50,65.282,-126.8329,6.8,78,90,10.36
393,Coihaique,CL,2021-03-27 18:23:12,-45.5752,-72.0662,64.4,52,75,4.61
394,Hambantota,LK,2021-03-27 18:23:51,6.1241,81.1185,77.0,100,75,2.3
395,Dubai,AE,2021-03-27 18:23:51,25.2582,55.3047,86.0,32,0,4.61
396,Owensboro,US,2021-03-27 18:23:51,37.7742,-87.1133,75.0,64,1,10.36
397,Hithadhoo,MV,2021-03-27 18:23:52,-0.6,73.0833,84.25,70,96,13.44
398,Hammerfest,NO,2021-03-27 18:23:52,70.6634,23.6821,37.4,75,75,3.44
399,Mairana,BO,2021-03-27 18:23:52,-18.1167,-63.9333,64.36,90,94,3.89
400,Bac Lieu,VN,2021-03-27 18:23:52,9.285,105.7244,80.58,82,44,12.97
401,Prince Albert,CA,2021-03-27 18:23:53,53.2001,-105.7677,28.4,50,20,8.05
402,Awbari,LY,2021-03-27 18:23:53,26.5921,12.7805,64.26,21,0,10.51
403,Pangnirtung,CA,2021-03-27 18:23:53,66.1451,-65.7125,-5.96,79,52,3.51
404,Pemba,MZ,2021-03-27 18:23:54,-12.974,40.5178,78.8,94,75,8.05
405,Gangapur,IN,2021-03-27 18:23:54,26.4833,76.7167,82.81,20,0,6.76
406,Pahrump,US,2021-03-27 18:23:02,36.2083,-115.9839,63.0,21,0,3.0
407,Mandalgovi,MN,2021-03-27 18:19:24,45.7625,106.2708,22.12,65,1,15.97
408,Gotsu,JP,2021-03-27 18:23:54,35.0,132.2167,58.98,76,100,37.29
409,Quatre Cocos,MU,2021-03-27 18:22:13,-20.2078,57.7625,78.01,94,75,6.91
410,Esmeraldas,BR,2021-03-27 18:23:55,-19.7625,-44.3139,86.0,78,75,5.75
411,Kavaratti,IN,2021-03-27 18:23:55,10.5669,72.642,84.2,74,98,8.88
412,Kiama,AU,2021-03-27 18:23:50,-34.6833,150.8667,63.0,87,32,1.99
413,Libenge,CD,2021-03-27 18:23:55,3.65,18.6333,81.99,53,41,2.82
414,Nelson Bay,AU,2021-03-27 18:23:56,-32.7167,152.15,61.0,88,16,4.61
415,Kholm,RU,2021-03-27 18:23:56,59.2667,32.85,35.22,90,95,5.06
416,Svetlogorsk,BY,2021-03-27 18:23:56,52.6333,29.7333,44.96,65,22,3.22
417,Pindwara,IN,2021-03-27 18:23:56,24.8,73.0667,81.28,15,0,2.86
418,Dayong,CN,2021-03-27 18:23:57,25.0209,118.2898,66.2,88,20,2.24
419,Nadapuram,IN,2021-03-27 18:20:03,11.7,75.6667,78.28,88,91,0.92
420,Buta,CD,2021-03-27 18:23:57,2.7858,24.73,70.16,96,61,6.58
421,Camabatela,AO,2021-03-27 18:23:57,-8.1881,15.375,64.0,93,95,2.01
422,Midland,US,2021-03-27 18:23:30,31.9974,-102.0779,73.4,15,1,11.5
423,Tukrah,LY,2021-03-27 18:23:57,32.5341,20.5791,55.63,62,0,7.96
424,Agadez,NE,2021-03-27 18:20:16,19.75,10.25,72.21,14,0,9.66
425,Ayan,RU,2021-03-27 18:23:58,56.45,138.1667,10.0,94,100,4.63
426,Sitka,US,2021-03-27 18:23:58,57.0531,-135.33,33.8,93,90,9.22
427,Tsiroanomandidy,MG,2021-03-27 18:23:58,-18.7667,46.0333,67.06,89,22,2.15
428,Catemaco,MX,2021-03-27 18:23:58,18.4167,-95.1167,91.4,40,20,4.52
429,Zhaotong,CN,2021-03-27 18:23:59,27.3167,103.7167,48.58,74,2,2.01
430,Lugo,ES,2021-03-27 18:23:59,43.0,-7.5,59.0,69,0,5.99
431,Los Algarrobos,PA,2021-03-27 18:23:59,8.5,-82.4333,95.0,34,20,14.97
432,Eenhana,NA,2021-03-27 18:24:00,-17.4667,16.3333,72.23,70,91,5.73
433,Dingle,PH,2021-03-27 18:24:00,10.9995,122.6711,76.01,86,35,6.76
434,Matagami,CA,2021-03-27 18:24:00,49.7502,-77.6328,33.8,34,1,4.61
435,Sept-Iles,CA,2021-03-27 18:19:11,50.2001,-66.3821,30.0,36,92,6.91
436,Srednekolymsk,RU,2021-03-27 18:24:01,67.45,153.6833,-21.82,98,83,1.81
437,Cabedelo,BR,2021-03-27 18:24:01,-6.9811,-34.8339,86.0,70,20,10.36
438,Inuvik,CA,2021-03-27 18:24:01,68.3499,-133.7218,-11.2,77,93,1.14
439,Pedernales,DO,2021-03-27 18:24:02,18.0384,-71.744,85.59,52,0,8.61
440,Sorong,ID,2021-03-27 18:24:02,-0.8833,131.25,76.12,94,100,2.93
441,Asfi,MA,2021-03-27 18:24:02,32.2994,-9.2372,65.89,70,77,10.98
442,Atar,MR,2021-03-27 18:24:02,20.5169,-13.0499,98.6,23,1,4.61
443,Alofi,NU,2021-03-27 18:20:23,-19.0595,-169.9187,77.0,94,15,3.44
444,Margate,GB,2021-03-27 18:24:03,51.3813,1.3862,48.0,61,92,4.0
445,Hegra,NO,2021-03-27 18:24:03,63.4644,11.114,41.0,93,0,2.75
446,Mahajanga,MG,2021-03-27 18:24:03,-15.7167,46.3167,80.6,83,20,6.91
447,Shipunovo,RU,2021-03-27 18:24:04,52.1582,82.2173,34.88,99,100,12.3
448,Yeppoon,AU,2021-03-27 18:24:04,-23.1333,150.7333,71.6,88,0,3.44
449,Sarkand,KZ,2021-03-27 18:24:04,45.41,79.9186,48.02,56,65,4.76
450,Aykhal,RU,2021-03-27 18:19:15,66.0,111.5,-1.57,100,62,4.83
451,Conde,BR,2021-03-27 18:24:04,-7.2597,-34.9075,86.0,70,20,10.36
452,Saint-Georges,GD,2021-03-27 18:24:05,12.0564,-61.7485,84.2,65,20,26.46
453,Chumikan,RU,2021-03-27 18:24:05,54.7183,135.315,13.77,96,100,1.81
454,Fuerte Olimpo,PY,2021-03-27 18:24:05,-21.0415,-57.8738,99.63,21,61,8.28
455,Soyo,AO,2021-03-27 18:24:05,-6.1349,12.3689,80.83,79,96,9.93
456,Stykkisholmur,IS,2021-03-27 18:24:06,65.0757,-22.7297,25.18,53,100,23.38
457,Clarence Town,AU,2021-03-27 18:24:06,-32.5833,151.7833,61.0,88,13,4.61
458,Kayerkan,RU,2021-03-27 18:24:06,69.3497,87.7602,7.5,98,99,2.77
459,Olavarria,AR,2021-03-27 18:24:07,-36.8927,-60.3225,57.99,100,100,5.01
460,Gbarnga,LR,2021-03-27 18:24:07,6.9956,-9.4722,83.03,70,91,5.7
461,Mlimba,TZ,2021-03-27 18:24:07,-8.8,35.8167,73.2,82,98,2.93
462,Amalapuram,IN,2021-03-27 18:24:07,16.5833,82.0167,75.33,84,31,1.36
463,Yulara,AU,2021-03-27 18:24:08,-25.2406,130.9889,73.4,78,99,5.75
464,Hervey Bay,AU,2021-03-27 18:22:12,-25.2986,152.8535,69.01,84,4,1.01
465,Orlik,RU,2021-03-27 18:24:08,52.5178,99.825,-2.54,95,11,3.31
466,Gizo,SB,2021-03-27 18:24:08,-8.103,156.8419,82.02,76,50,6.98
467,Zyryanka,RU,2021-03-27 18:24:08,65.75,150.85,-20.2,99,95,5.17
468,Shu,KZ,2021-03-27 18:24:09,43.5983,73.7614,52.0,53,100,1.99
469,Amahai,ID,2021-03-27 18:24:09,-3.3333,128.9167,78.69,84,100,2.55
470,Karlskoga,SE,2021-03-27 18:24:10,59.3267,14.5239,46.4,93,75,4.61
471,Saldanha,ZA,2021-03-27 18:24:10,-33.0117,17.9442,60.8,63,0,14.97
472,Abu Dhabi,AE,2021-03-27 18:22:58,24.4667,54.3667,82.4,57,0,4.61
473,Vestmannaeyjar,IS,2021-03-27 18:24:10,63.4427,-20.2734,32.0,93,75,55.23
474,Hay River,CA,2021-03-27 18:24:10,60.8156,-115.7999,28.4,40,83,9.22
475,Polyarnyy,RU,2021-03-27 18:23:21,69.1989,33.4478,39.2,75,75,8.95
476,Tuy Hoa,VN,2021-03-27 18:24:11,13.0833,109.3,73.49,93,64,2.1
477,Avera,US,2021-03-27 18:24:11,33.194,-82.5271,79.0,78,40,11.5
478,Bereda,ES,2021-03-27 18:24:11,43.2686,-7.5406,57.99,71,0,8.99
479,Shahabad,IN,2021-03-27 18:22:11,27.65,79.95,78.03,12,0,2.8
480,Porto Santo,PT,2021-03-27 18:24:12,33.072,-16.3415,64.4,88,75,21.85
481,Ornskoldsvik,SE,2021-03-27 18:24:12,63.2909,18.7153,35.6,100,100,5.75
482,Hisor,TJ,2021-03-27 18:24:12,38.525,68.5512,46.4,93,20,1.36
483,Eureka,US,2021-03-27 18:24:12,40.8021,-124.1637,57.99,67,1,3.91
484,Apache Junction,US,2021-03-27 18:24:13,33.4151,-111.5496,69.01,32,1,8.05
485,Petropavlovka,RU,2021-03-27 18:24:13,50.6114,105.3196,20.5,79,2,4.74
486,Okha,RU,2021-03-27 18:24:13,53.5739,142.9478,13.32,92,46,8.16
487,Tarnos,FR,2021-03-27 18:24:13,43.5417,-1.4628,55.99,71,0,9.22
488,Washington,US,2021-03-27 18:24:14,47.5001,-120.5015,55.99,47,59,2.51
489,Serramanna,IT,2021-03-27 18:24:14,39.4244,8.9244,60.8,82,0,10.36
490,Goderich,CA,2021-03-27 18:24:14,43.7501,-81.7165,41.0,81,48,5.75
491,Olafsvik,IS,2021-03-27 18:24:14,64.8945,-23.7142,27.03,63,100,34.49
492,Atbasar,KZ,2021-03-27 18:24:15,51.8,68.3333,25.47,96,98,6.51
493,Yelizovo,RU,2021-03-27 18:24:15,53.1873,158.3805,28.4,54,100,26.84
494,Grand Gaube,MU,2021-03-27 18:24:15,-20.0064,57.6608,78.01,83,52,4.79
495,Tromso,NO,2021-03-27 18:24:16,69.6496,18.957,39.2,75,75,6.91
496,Ilo,PE,2021-03-27 18:24:16,-17.6394,-71.3375,73.4,64,0,6.91
497,Araouane,ML,2021-03-27 18:24:16,18.9048,-3.5265,88.29,5,0,11.16
498,Mount Isa,AU,2021-03-27 18:21:30,-20.7333,139.5,80.6,28,0,11.5
499,Predivinsk,RU,2021-03-27 18:24:16,57.0669,93.4378,26.91,94,100,4.27
500,Kawalu,ID,2021-03-27 18:24:17,-7.3817,108.2082,73.09,95,98,1.7
501,Pisco,PE,2021-03-27 18:24:17,-13.7,-76.2167,72.0,73,0,10.36
502,Panama City,PA,2021-03-27 18:22:58,8.9936,-79.5197,93.2,51,20,19.57
503,Balsas,BR,2021-03-27 18:24:17,-7.5325,-46.0356,83.98,65,54,2.98
504,Sinnamary,GF,2021-03-27 18:24:18,5.3833,-52.95,80.8,79,66,10.38
505,Sao Joao Da Barra,BR,2021-03-27 18:21:01,-21.6403,-41.0511,87.8,58,20,10.36
506,Shurugwi,ZW,2021-03-27 18:24:18,-19.6702,30.0059,63.43,40,1,2.89
507,Stornoway,GB,2021-03-27 18:24:18,58.2093,-6.3865,44.6,87,90,32.21
508,Biak,ID,2021-03-27 18:24:19,-0.9131,122.8766,76.5,85,100,5.86
509,Gandajika,CD,2021-03-27 18:24:19,-6.75,23.95,68.86,91,73,2.59
510,Kilis,TR,2021-03-27 18:19:37,36.7161,37.115,41.0,60,0,4.61
511,Maragogi,BR,2021-03-27 18:24:19,-9.0122,-35.2225,82.44,70,72,9.28
512,Palana,RU,2021-03-27 18:24:20,59.1167,159.9667,-5.46,90,100,6.49
513,Cordoba,AR,2021-03-27 18:24:20,-31.4135,-64.1811,75.0,43,0,11.5
514,Elda,ES,2021-03-27 18:24:20,38.4778,-0.7916,60.01,61,98,1.99
515,Yibin,CN,2021-03-27 18:24:21,28.7667,104.6238,66.58,58,100,2.19
516,Ambulu,ID,2021-03-27 18:24:21,-8.345,113.6058,75.94,91,92,2.82
517,Eydhafushi,MV,2021-03-27 18:24:19,5.1033,73.0708,81.23,77,100,11.52
518,Kahului,US,2021-03-27 18:24:21,20.8947,-156.47,75.2,83,20,8.05
519,Dossor,KZ,2021-03-27 18:24:21,47.5272,52.9811,35.78,86,100,10.45
520,San Jose,US,2021-03-27 18:22:25,37.3394,-121.895,71.01,32,1,1.1
521,Ossora,RU,2021-03-27 18:24:22,59.2353,163.0719,10.85,88,100,14.56
522,Lysyye Gory,RU,2021-03-27 18:24:22,51.5506,44.8414,33.17,98,100,5.61
523,Bay Roberts,CA,2021-03-27 18:24:22,47.5999,-53.2648,28.99,96,100,15.01
524,Laukaa,RU,2021-03-27 18:24:22,58.7372,29.8453,37.89,90,72,6.67
525,Port Macquarie,AU,2021-03-27 18:24:23,-31.4333,152.9167,60.8,94,4,6.91
526,Mount Gambier,AU,2021-03-27 18:24:23,-37.8333,140.7667,51.8,93,40,8.05
527,Havre-Saint-Pierre,CA,2021-03-27 18:24:23,50.2334,-63.5986,28.4,37,1,4.61
528,Liverpool,GB,2021-03-27 18:24:08,53.4106,-2.9779,51.8,66,75,12.66
529,Okhotsk,RU,2021-03-27 18:19:36,59.3833,143.3,-4.16,98,99,4.94
530,Kilindoni,TZ,2021-03-27 18:19:39,-7.9139,39.6668,81.28,74,98,12.3
531,Nalut,LY,2021-03-27 18:24:24,30.3333,10.85,66.47,15,41,7.18
532,Fallon,US,2021-03-27 18:24:24,39.4735,-118.7774,51.8,28,40,3.44
533,Grindsted,DK,2021-03-27 18:24:24,55.754,8.9123,41.0,87,40,14.97
534,Butte,US,2021-03-27 18:24:25,39.6499,-121.5677,64.99,39,1,4.61
535,Mao,ES,2021-03-27 18:24:25,39.8885,4.2658,55.4,71,0,13.8
536,Channel-Port Aux Basques,CA,2021-03-27 18:24:25,47.5702,-59.1367,32.41,72,100,25.17
537,Koppang,NO,2021-03-27 18:24:25,61.5706,11.0555,32.47,96,100,1.74
538,Visby,SE,2021-03-27 18:24:25,57.6409,18.296,42.8,87,40,12.66
539,Sistranda,NO,2021-03-27 18:24:26,63.7256,8.834,41.0,81,75,10.36
540,Acajutla,SV,2021-03-27 18:19:35,13.5928,-89.8275,91.4,38,20,3.44
541,Bandarbeyla,SO,2021-03-27 18:24:26,9.4942,50.8122,79.83,79,16,12.24
542,Derzhavinsk,KZ,2021-03-27 18:24:26,51.1,66.3167,31.48,98,100,4.79
543,Naryan-Mar,RU,2021-03-27 18:24:26,67.6713,53.087,21.42,87,57,13.82
544,Erenhot,CN,2021-03-27 18:24:27,43.6475,111.9767,33.53,39,4,26.51
545,Kefamenanu,ID,2021-03-27 18:24:27,-9.4467,124.4781,71.19,94,99,3.09
546,Bam,IR,2021-03-27 18:24:27,29.106,58.357,82.36,18,21,15.17
547,Luga,RU,2021-03-27 18:24:22,58.7372,29.8453,37.89,90,72,6.67
548,Riberalta,BO,2021-03-27 18:24:28,-10.9833,-66.1,80.6,83,75,6.91
549,Minab,IR,2021-03-27 18:24:28,27.1467,57.0801,77.0,65,16,4.61
550,Doha,QA,2021-03-27 18:24:28,25.2867,51.5333,82.4,50,0,8.05
551,Lashio,MM,2021-03-27 18:24:28,22.9333,97.75,63.79,31,4,1.9
552,Fez,MA,2021-03-27 18:21:00,34.0372,-4.9998,66.2,59,40,5.75
553,Moron,AR,2021-03-27 18:19:55,-34.6534,-58.6198,73.4,73,75,12.66
554,Camacha,PT,2021-03-27 18:24:29,33.0833,-16.3333,64.4,88,75,21.85
555,Glenwood Springs,US,2021-03-27 18:21:47,39.5505,-107.3248,43.0,46,37,4.61
556,Puerto Carreno,CO,2021-03-27 18:24:29,6.189,-67.4859,90.81,44,93,2.84
557,Paamiut,GL,2021-03-27 18:24:29,61.994,-49.6678,2.57,73,0,32.99
558,Lagoa,PT,2021-03-27 18:24:30,39.05,-27.9833,59.11,85,69,13.04
