City_ID,City,Country,Date,Lat,Lng,Max Temp,Humidity,Cloudiness,Wind Speed,Current Description
0,Busselton,AU,2021-03-28 00:58:47,-33.65,115.3333,66.99,71,0,1.01,light rain
1,El Tocuyo,VE,2021-03-28 00:59:32,9.7873,-69.7937,71.98,78,100,2.8,overcast clouds
2,Rikitea,PF,2021-03-28 00:59:32,-23.1203,-134.9692,79.48,72,0,17.65,clear sky
3,Sitka,US,2021-03-28 00:59:32,57.0531,-135.33,37.4,75,75,16.11,snow
4,Dalmeny,CA,2021-03-28 00:59:33,52.3334,-106.7679,41.0,33,75,9.22,broken clouds
5,Ginda,IN,2021-03-28 00:59:33,30.6945,78.4932,62.6,77,4,3.44,mist
6,Ballina,AU,2021-03-28 00:59:33,-28.8667,153.5667,78.8,57,0,8.05,clear sky
7,Codrington,AU,2021-03-28 00:59:33,-38.2667,141.9667,65.34,57,9,10.13,clear sky
8,Saint-Philippe,RE,2021-03-28 00:59:34,-21.3585,55.7679,75.2,83,20,5.75,few clouds
9,Port Elizabeth,ZA,2021-03-28 00:59:34,-33.918,25.5701,60.8,82,0,13.8,light rain
10,Pevek,RU,2021-03-28 00:59:34,69.7008,170.3133,-4.49,88,22,6.44,few clouds
11,Porbandar,IN,2021-03-28 00:59:34,21.6422,69.6093,77.22,65,59,10.0,broken clouds
12,Port Alfred,ZA,2021-03-28 00:59:35,-33.5906,26.891,61.52,78,56,8.05,light rain
13,Qaanaaq,GL,2021-03-28 00:59:35,77.484,-69.3632,-12.82,87,100,5.88,overcast clouds
14,Hasaki,JP,2021-03-28 00:59:35,35.7333,140.8333,66.2,59,75,20.71,broken clouds
15,Aykhal,RU,2021-03-28 00:59:35,66.0,111.5,11.28,97,100,5.06,overcast clouds
16,Svetlogorsk,BY,2021-03-28 00:59:35,52.6333,29.7333,39.63,81,97,5.77,overcast clouds
17,Jucurutu,BR,2021-03-28 00:59:36,-6.0339,-37.0203,74.73,91,95,5.41,light rain
18,Punta Arenas,CL,2021-03-28 00:58:39,-53.15,-70.9167,48.2,71,0,46.04,moderate rain
19,Chokurdakh,RU,2021-03-28 00:59:36,70.6333,147.9167,3.15,85,100,6.93,overcast clouds
20,Flinders,AU,2021-03-28 00:59:36,-34.5833,150.8552,73.99,64,0,4.0,clear sky
21,Victoria,HK,2021-03-28 00:59:03,22.2855,114.1577,75.0,88,8,4.25,clear sky
22,Phan Thiet,VN,2021-03-28 00:59:36,10.9333,108.1,81.43,65,30,8.05,scattered clouds
23,Bredasdorp,ZA,2021-03-28 00:59:37,-34.5322,20.0403,50.0,87,78,5.75,broken clouds
24,Hermanus,ZA,2021-03-28 00:59:37,-34.4187,19.2345,55.99,84,34,3.0,scattered clouds
25,Portland,US,2021-03-28 00:56:18,45.5234,-122.6762,64.0,42,75,3.44,broken clouds
26,Albany,US,2021-03-28 00:55:47,42.6001,-73.9662,50.0,61,11,0.81,few clouds
27,Upernavik,GL,2021-03-28 00:58:50,72.7868,-56.1549,-29.51,94,82,5.1,broken clouds
28,San Jeronimo,PE,2021-03-28 00:59:37,-11.9472,-75.2829,49.08,84,35,5.75,scattered clouds
29,Saskylakh,RU,2021-03-28 00:59:37,71.9167,114.0833,-5.58,98,99,0.76,overcast clouds
30,Lorengau,PG,2021-03-28 00:59:38,-2.0226,147.2712,83.86,73,91,9.37,overcast clouds
31,Bambous Virieux,MU,2021-03-28 00:59:38,-20.3428,57.7575,77.0,94,75,5.75,broken clouds
32,Cayenne,GF,2021-03-28 00:59:38,4.9333,-52.3333,80.01,94,75,11.81,broken clouds
33,Yellowknife,CA,2021-03-28 00:55:48,62.456,-114.3525,24.8,46,75,11.5,broken clouds
34,Ushuaia,AR,2021-03-28 00:55:29,-54.8,-68.3,55.4,47,40,18.41,light rain
35,Vaini,TO,2021-03-28 00:59:11,-21.2,-175.2,86.0,74,75,8.05,light rain
36,Tiksi,RU,2021-03-28 00:59:39,71.6872,128.8694,7.65,94,99,2.77,overcast clouds
37,Cidreira,BR,2021-03-28 00:59:14,-30.1811,-50.2056,72.54,87,100,6.87,overcast clouds
38,Half Moon Bay,US,2021-03-28 00:59:34,37.4636,-122.4286,75.2,77,1,9.22,haze
39,Hilo,US,2021-03-28 00:58:42,19.7297,-155.09,78.8,61,90,13.8,light rain
40,Cherskiy,RU,2021-03-28 00:59:39,68.75,161.3,2.95,78,25,5.12,scattered clouds
41,Avarua,CK,2021-03-28 00:59:39,-21.2078,-159.775,84.2,79,90,18.41,overcast clouds
42,Isla Mujeres,MX,2021-03-28 00:59:39,21.2311,-86.731,80.6,74,40,13.8,scattered clouds
43,Nha Trang,VN,2021-03-28 00:59:40,12.25,109.1833,80.6,69,20,4.61,few clouds
44,Mataura,NZ,2021-03-28 00:59:40,-46.1927,168.8643,62.01,83,100,4.0,overcast clouds
45,Cape Town,ZA,2021-03-28 00:57:04,-33.9258,18.4232,62.01,71,0,2.3,clear sky
46,Nikolskoye,RU,2021-03-28 00:59:40,59.7035,30.7861,39.99,70,0,8.95,clear sky
47,Mar Del Plata,AR,2021-03-28 00:56:32,-38.0023,-57.5575,61.0,100,90,21.85,drizzle
48,Faya,SA,2021-03-28 00:59:40,18.3851,42.4509,59.0,58,0,2.66,clear sky
49,Kulykivka,UA,2021-03-28 00:59:41,51.3735,31.6466,40.1,71,66,2.68,broken clouds
50,Hithadhoo,MV,2021-03-28 00:58:54,-0.6,73.0833,83.44,73,100,13.69,light rain
51,Tasiilaq,GL,2021-03-28 00:59:41,65.6145,-37.6368,19.4,45,90,8.05,overcast clouds
52,Baruun-Urt,MN,2021-03-28 00:59:41,46.6806,113.2792,28.96,48,100,25.3,overcast clouds
53,Hobart,AU,2021-03-28 00:58:01,-42.8794,147.3294,62.01,63,40,19.57,scattered clouds
54,Cabo San Lucas,MX,2021-03-28 00:59:41,22.8909,-109.9124,73.99,56,20,11.5,few clouds
55,Norman Wells,CA,2021-03-28 00:59:42,65.282,-126.8329,12.2,73,90,16.11,light snow
56,Vao,NC,2021-03-28 00:59:42,-22.6667,167.4833,78.1,79,13,12.28,few clouds
57,Bluff,NZ,2021-03-28 00:59:42,-46.6,168.3333,62.01,83,100,4.0,overcast clouds
58,Esperance,AU,2021-03-28 00:59:43,-33.8667,121.9,64.4,88,0,8.05,clear sky
59,Dikson,RU,2021-03-28 00:58:39,73.5069,80.5464,-20.67,100,100,8.97,overcast clouds
60,Arraial Do Cabo,BR,2021-03-28 00:59:43,-22.9661,-42.0278,78.8,83,0,10.22,clear sky
61,Port-Cartier,CA,2021-03-28 00:59:43,50.0334,-66.8654,24.01,68,20,3.02,few clouds
62,Tezu,IN,2021-03-28 00:59:44,27.9167,96.1667,76.95,20,0,1.41,clear sky
63,Corbelia,BR,2021-03-28 00:59:44,-24.7989,-53.3067,77.0,61,100,3.02,overcast clouds
64,Taltal,CL,2021-03-28 00:59:44,-25.4,-70.4833,64.72,77,30,2.73,scattered clouds
65,Kapaa,US,2021-03-28 00:59:45,22.0752,-159.319,78.8,69,40,12.66,scattered clouds
66,Saint-Pierre,RE,2021-03-28 00:59:45,-21.3393,55.4781,75.2,83,20,5.75,few clouds
67,Carutapera,BR,2021-03-28 00:59:45,-1.195,-46.02,74.52,95,100,6.22,overcast clouds
68,Atuona,PF,2021-03-28 00:59:45,-9.8,-139.0333,81.19,75,100,19.37,overcast clouds
69,Castricum,NL,2021-03-28 00:59:46,52.5483,4.6694,46.0,84,100,11.99,overcast clouds
70,Hokitika,NZ,2021-03-28 00:59:46,-42.7167,170.9667,60.96,97,100,4.09,light rain
71,Fallon,US,2021-03-28 00:59:46,39.4735,-118.7774,64.4,16,20,4.61,few clouds
72,Kirovskiy,RU,2021-03-28 00:59:46,45.0917,133.5136,37.69,92,100,5.21,overcast clouds
73,Huarmey,PE,2021-03-28 00:59:47,-10.0681,-78.1522,70.66,81,54,6.38,broken clouds
74,Pitsunda,GE,2021-03-28 00:59:47,43.1592,40.3378,42.01,93,90,6.71,overcast clouds
75,Haines Junction,CA,2021-03-28 00:59:47,60.7522,-137.5108,26.6,63,100,16.11,overcast clouds
76,Sorland,NO,2021-03-28 00:59:47,67.667,12.6934,37.53,65,94,22.01,overcast clouds
77,Asbe Teferi,ET,2021-03-28 00:59:48,9.0833,40.8667,60.06,33,100,0.22,overcast clouds
78,Saint-Augustin,CA,2021-03-28 00:59:48,51.226,-58.6502,7.03,85,4,8.55,clear sky
79,Sembe,CG,2021-03-28 00:59:48,1.6481,14.5806,72.52,79,98,0.54,overcast clouds
80,Thompson,CA,2021-03-28 00:59:48,55.7435,-97.8558,21.2,53,40,8.05,scattered clouds
81,Ribeira Grande,PT,2021-03-28 00:59:49,38.5167,-28.7,60.42,81,100,9.26,overcast clouds
82,Balestrand,NO,2021-03-28 00:59:49,61.2076,6.5334,34.0,95,100,1.99,overcast clouds
83,Mahebourg,MU,2021-03-28 00:59:49,-20.4081,57.7,73.4,94,75,5.75,broken clouds
84,Carnarvon,AU,2021-03-28 00:59:27,-24.8667,113.6333,78.8,73,0,4.83,clear sky
85,Lebu,CL,2021-03-28 00:59:49,-37.6167,-73.65,56.14,86,0,18.86,clear sky
86,Jamestown,US,2021-03-28 00:55:26,42.097,-79.2353,57.2,47,1,5.97,clear sky
87,Ancud,CL,2021-03-28 00:59:50,-41.8697,-73.8203,52.0,82,0,5.75,clear sky
88,Karratha,AU,2021-03-28 00:59:50,-20.7377,116.8463,86.54,53,65,5.32,broken clouds
89,Ensley,US,2021-03-28 00:59:50,30.5188,-87.2728,73.4,94,90,5.75,overcast clouds
90,Vila Velha,BR,2021-03-28 00:59:50,-20.3297,-40.2925,78.8,78,0,3.44,clear sky
91,Luderitz,NA,2021-03-28 00:59:51,-26.6481,15.1594,63.28,69,0,11.81,clear sky
92,Simbahan,PH,2021-03-28 00:59:51,6.3032,120.5836,82.56,77,96,9.78,overcast clouds
93,Gambela,ET,2021-03-28 00:59:51,8.25,34.5833,77.86,49,89,3.78,overcast clouds
94,Kodiak,US,2021-03-28 00:59:51,57.79,-152.4072,35.6,41,20,33.38,few clouds
95,Antalaha,MG,2021-03-28 00:59:52,-14.9003,50.2788,74.25,89,100,4.23,overcast clouds
96,Sayyan,YE,2021-03-28 00:59:52,15.1718,44.3244,51.1,30,43,1.52,scattered clouds
97,Yatou,CN,2021-03-28 00:59:52,37.15,122.3833,51.82,74,8,6.33,clear sky
98,Kalmunai,LK,2021-03-28 00:59:52,7.4167,81.8167,78.51,76,95,2.15,overcast clouds
99,Ponta Delgada,PT,2021-03-28 00:59:52,37.7333,-25.6667,53.6,82,40,3.44,scattered clouds
100,Hervey Bay,AU,2021-03-28 00:59:53,-25.2986,152.8535,80.6,54,4,2.3,clear sky
101,Fecamp,FR,2021-03-28 00:59:53,49.7579,0.3746,48.2,76,0,11.5,clear sky
102,Corralillo,CU,2021-03-28 00:59:53,22.9819,-80.5856,76.77,78,0,18.32,light rain
103,Hofn,IS,2021-03-28 00:59:54,64.2539,-15.2082,30.87,93,100,15.3,snow
104,Beled,HU,2021-03-28 00:59:54,47.4659,17.0929,48.2,53,0,6.91,clear sky
105,Pathein,MM,2021-03-28 00:59:54,16.7833,94.7333,81.41,65,81,6.62,broken clouds
106,Waitati,NZ,2021-03-28 00:59:54,-45.75,170.5667,66.99,83,28,10.0,scattered clouds
107,San Patricio,US,2021-03-28 00:59:54,28.017,-97.5169,78.8,73,90,21.85,overcast clouds
108,Morondava,MG,2021-03-28 00:59:55,-20.2833,44.2833,73.47,85,5,6.24,clear sky
109,Hirado,JP,2021-03-28 00:59:55,33.3597,129.5531,62.6,94,75,5.75,broken clouds
110,Talusan,PH,2021-03-28 00:59:55,7.4267,122.8103,81.73,73,100,2.64,overcast clouds
111,Cabra,ES,2021-03-28 00:59:55,37.4725,-4.4421,57.0,63,17,2.39,few clouds
112,Arlit,NE,2021-03-28 00:59:56,18.7369,7.3853,67.32,17,0,8.01,clear sky
113,Behbahan,IR,2021-03-28 00:59:56,30.5959,50.2417,53.6,47,4,13.4,clear sky
114,Kavaratti,IN,2021-03-28 00:59:56,10.5669,72.642,83.41,75,100,3.36,overcast clouds
115,Tuktoyaktuk,CA,2021-03-28 00:59:56,69.4541,-133.0374,-11.2,77,40,8.05,scattered clouds
116,Ganzhou,CN,2021-03-28 00:59:57,28.8184,115.4327,66.87,81,33,1.95,scattered clouds
117,Port Keats,AU,2021-03-28 00:59:57,-14.25,129.55,88.16,54,100,10.47,overcast clouds
118,Port Hardy,CA,2021-03-28 00:59:57,50.6996,-127.4199,48.2,81,90,11.5,moderate rain
119,Tual,ID,2021-03-28 00:59:57,-5.6667,132.75,80.11,84,100,12.44,overcast clouds
120,Alofi,NU,2021-03-28 00:59:58,-19.0595,-169.9187,82.4,89,14,14.97,light rain
121,Hessisch Lichtenau,DE,2021-03-28 00:59:58,51.2,9.7167,33.01,88,100,3.0,overcast clouds
122,Fortuna,US,2021-03-28 00:59:58,40.5982,-124.1573,60.01,82,1,13.8,clear sky
123,Mokhsogollokh,RU,2021-03-28 00:56:39,61.4681,128.9203,24.01,86,54,6.67,broken clouds
124,Jishu,CN,2021-03-28 00:59:58,44.3167,126.8,51.44,57,19,9.75,few clouds
125,New Norfolk,AU,2021-03-28 00:59:58,-42.7826,147.0587,62.01,64,98,4.0,overcast clouds
126,Eydhafushi,MV,2021-03-28 00:59:59,5.1033,73.0708,78.89,86,100,17.0,overcast clouds
127,Muzaffarabad,PK,2021-03-28 00:59:59,34.37,73.4711,62.2,67,97,6.96,overcast clouds
128,Jian,CN,2021-03-28 00:59:59,27.1172,114.9793,69.64,79,66,4.27,broken clouds
129,Andenes,NO,2021-03-28 00:59:59,69.3143,16.1194,37.0,93,75,12.66,broken clouds
130,Corinto,GR,2021-03-28 00:57:17,37.9407,22.9573,48.99,76,0,4.61,clear sky
131,Kosa,RU,2021-03-28 01:00:00,59.9445,54.9977,14.97,97,52,4.29,broken clouds
132,Ahipara,NZ,2021-03-28 00:58:34,-35.1667,173.1667,67.66,85,100,11.72,overcast clouds
133,Del Rio,US,2021-03-28 01:00:00,29.3627,-100.8968,91.4,9,1,4.61,clear sky
134,Dunedin,NZ,2021-03-28 00:59:41,-45.8742,170.5036,68.0,70,24,7.05,few clouds
135,Katsuura,JP,2021-03-28 01:00:00,35.1333,140.3,66.0,68,100,7.0,moderate rain
136,Fort Nelson,CA,2021-03-28 01:00:01,58.8053,-122.7002,41.0,48,90,9.22,overcast clouds
137,Kungurtug,RU,2021-03-28 01:00:01,50.5994,97.5228,16.27,68,83,2.28,broken clouds
138,Hamilton,US,2021-03-28 01:00:01,39.1834,-84.5333,66.2,59,20,12.66,few clouds
139,Pangnirtung,CA,2021-03-28 01:00:02,66.1451,-65.7125,-7.22,79,100,3.98,overcast clouds
140,Tigil,RU,2021-03-28 01:00:04,57.8,158.6667,8.19,88,100,10.6,overcast clouds
141,Les Cayes,HT,2021-03-28 01:00:04,18.2,-73.75,76.24,75,9,3.6,clear sky
142,Puerto Leguizamo,CO,2021-03-28 01:00:05,-0.1934,-74.7819,73.53,96,100,1.36,overcast clouds
143,Chuy,UY,2021-03-28 01:00:05,-33.6971,-53.4616,67.82,91,100,5.48,overcast clouds
144,Butaritari,KI,2021-03-28 01:00:06,3.0707,172.7902,81.36,79,91,12.64,light rain
145,Ponta Do Sol,PT,2021-03-28 01:00:06,32.6667,-17.1,64.4,88,75,17.27,broken clouds
146,Iqaluit,CA,2021-03-28 01:00:07,63.7506,-68.5145,-11.0,77,75,2.3,broken clouds
147,Souillac,MU,2021-03-28 01:00:07,-20.5167,57.5167,73.4,94,75,5.75,broken clouds
148,Vanimo,PG,2021-03-28 01:00:08,-2.6741,141.3028,81.93,78,100,5.7,light rain
149,Iringa,TZ,2021-03-28 01:00:08,-7.7667,35.7,64.4,94,75,1.19,broken clouds
150,Kununurra,AU,2021-03-28 01:00:08,-15.7667,128.7333,87.8,62,40,5.75,scattered clouds
151,Vilhena,BR,2021-03-28 01:00:09,-12.7406,-60.1458,73.02,76,94,2.39,overcast clouds
152,Airai,TL,2021-03-28 00:59:55,-8.9266,125.4092,69.82,71,100,2.93,overcast clouds
153,Cikupa,ID,2021-03-28 01:00:09,-6.2364,106.5083,80.6,83,20,4.61,few clouds
154,Yabrud,SY,2021-03-28 01:00:09,33.9674,36.6574,33.8,80,0,4.85,clear sky
155,Assomada,CV,2021-03-28 01:00:10,15.1,-23.6833,68.0,73,20,26.46,few clouds
156,Sosua,DO,2021-03-28 01:00:10,19.7667,-70.5167,77.0,83,20,11.5,few clouds
157,Kaeo,NZ,2021-03-28 01:00:11,-35.1,173.7833,69.01,84,100,10.0,overcast clouds
158,Boa Esperanca,BR,2021-03-28 01:00:11,-21.09,-45.5658,69.13,84,74,1.16,broken clouds
159,Tuatapere,NZ,2021-03-28 01:00:11,-46.1333,167.6833,62.01,83,100,4.0,overcast clouds
160,Xining,CN,2021-03-28 01:00:11,36.6167,101.7667,43.09,27,99,2.17,overcast clouds
161,Seoul,KR,2021-03-28 01:00:01,37.5683,126.9778,48.2,93,90,8.05,mist
162,Atambua,ID,2021-03-28 01:00:12,-9.1061,124.8925,79.97,74,100,2.08,overcast clouds
163,Lavrentiya,RU,2021-03-28 01:00:12,65.5833,-171.0,-1.88,84,94,1.68,overcast clouds
164,Nome,US,2021-03-28 01:00:12,64.5011,-165.4064,8.6,66,1,2.01,clear sky
165,Chapais,CA,2021-03-28 00:59:04,49.7834,-74.8492,30.2,64,75,3.44,broken clouds
166,Sao Felix Do Xingu,BR,2021-03-28 01:00:12,-6.6447,-51.995,71.92,96,100,0.92,overcast clouds
167,Vychegodskiy,RU,2021-03-28 01:00:13,61.247,46.8984,19.76,97,84,3.33,broken clouds
168,Castro,BR,2021-03-28 01:00:13,-24.7911,-50.0119,64.6,90,100,2.15,moderate rain
169,Ocotal,NI,2021-03-28 01:00:13,13.6321,-86.4752,71.42,65,1,3.91,clear sky
170,Kuchinarai,TH,2021-03-28 01:00:13,16.541,104.05,91.99,83,100,3.44,mist
171,Berbera,SO,2021-03-28 01:00:14,10.4396,45.0143,76.44,73,0,3.44,clear sky
172,Kangra,IN,2021-03-28 01:00:14,32.1,76.2667,66.07,38,95,6.89,overcast clouds
173,San Rafael,AR,2021-03-28 01:00:14,-34.6177,-68.3301,60.51,31,17,4.63,few clouds
174,Poum,NC,2021-03-28 01:00:14,-20.2333,164.0167,80.85,73,18,4.34,few clouds
175,Milkovo,RU,2021-03-28 01:00:15,54.7167,158.6167,25.0,73,100,1.9,overcast clouds
176,Antofagasta,CL,2021-03-28 01:00:02,-23.65,-70.4,60.8,82,20,9.22,few clouds
177,Chambery,FR,2021-03-28 01:00:15,45.5667,5.9333,39.0,93,0,2.3,clear sky
178,Daru,PG,2021-03-28 01:00:15,-9.0763,143.2092,85.84,70,100,7.09,overcast clouds
179,Alpena,US,2021-03-28 01:00:15,45.0617,-83.4327,34.0,80,90,9.22,overcast clouds
180,Talnakh,RU,2021-03-28 01:00:16,69.4865,88.3972,-1.01,99,88,0.89,overcast clouds
181,Deniliquin,AU,2021-03-28 01:00:16,-35.5333,144.9667,68.0,49,100,7.07,overcast clouds
182,Puerto Ayora,EC,2021-03-28 01:00:16,-0.7393,-90.3518,79.0,89,99,4.0,overcast clouds
183,Ereymentau,KZ,2021-03-28 01:00:16,51.6199,73.1033,31.17,96,100,10.13,overcast clouds
184,Ketchikan,US,2021-03-28 01:00:17,55.3422,-131.6461,44.6,93,90,6.91,light rain
185,Velez-Malaga,ES,2021-03-28 01:00:17,36.7726,-4.1005,61.0,65,8,4.09,clear sky
186,Rocha,UY,2021-03-28 01:00:17,-34.4833,-54.3333,65.64,89,100,3.83,overcast clouds
187,Northam,GB,2021-03-28 01:00:17,51.0333,-4.2167,51.01,82,100,21.0,overcast clouds
188,Ures,MX,2021-03-28 01:00:17,29.4333,-110.4,80.01,16,0,8.01,clear sky
189,College,US,2021-03-28 01:00:18,64.8569,-147.8028,26.6,54,90,11.5,overcast clouds
190,Kabo,CF,2021-03-28 01:00:18,7.6994,18.629,78.03,60,54,2.95,broken clouds
191,Quime,BO,2021-03-28 01:00:18,-16.9833,-67.2167,50.09,95,100,4.94,overcast clouds
192,Bad Lauterberg,DE,2021-03-28 01:00:18,51.6327,10.4703,33.01,97,100,3.74,overcast clouds
193,Dali,CN,2021-03-28 01:00:19,25.7,100.1833,58.12,29,1,2.95,clear sky
194,Palafrugell,ES,2021-03-28 00:59:06,41.9174,3.1631,46.99,93,0,4.32,clear sky
195,Mehriz,IR,2021-03-28 01:00:19,31.5917,54.4318,68.0,19,41,2.3,dust
196,Fredericksburg,US,2021-03-28 00:59:36,38.3032,-77.4605,62.6,63,1,5.75,clear sky
197,Viseu,PT,2021-03-28 01:00:19,40.661,-7.9097,48.99,88,7,5.64,clear sky
198,Georgetown,MY,2021-03-28 01:00:19,5.4112,100.3354,82.4,94,20,2.3,few clouds
199,Ayr,GB,2021-03-28 01:00:20,55.4627,-4.6339,50.0,81,90,26.46,overcast clouds
200,Barrow,US,2021-03-28 01:00:20,71.2906,-156.7887,-11.2,70,1,5.75,clear sky
201,Puerto Escondido,MX,2021-03-28 01:00:20,15.85,-97.0667,84.2,79,1,3.44,clear sky
202,Tayu,ID,2021-03-28 01:00:20,-6.5397,111.0518,81.52,81,34,3.11,scattered clouds
203,Broken Hill,AU,2021-03-28 01:00:21,-31.95,141.4333,64.4,52,6,12.66,clear sky
204,Rawson,AR,2021-03-28 01:00:21,-43.3002,-65.1023,67.66,29,98,19.75,overcast clouds
205,Nemuro,JP,2021-03-28 00:56:48,43.3236,145.575,42.8,65,75,16.11,broken clouds
206,San Pedro,PH,2021-03-28 01:00:21,14.35,121.0167,87.01,62,20,3.44,few clouds
207,Saint-Joseph,RE,2021-03-28 01:00:21,-21.3667,55.6167,75.2,83,20,5.75,few clouds
208,Valle De Allende,MX,2021-03-28 01:00:22,26.9333,-105.4,71.82,6,63,19.08,broken clouds
209,East London,ZA,2021-03-28 01:00:22,-33.0153,27.9116,64.42,70,38,11.63,scattered clouds
210,Provideniya,RU,2021-03-28 01:00:22,64.3833,-173.3,4.21,90,100,5.5,overcast clouds
211,Kruisfontein,ZA,2021-03-28 01:00:22,-34.0033,24.7314,57.99,80,20,5.82,few clouds
212,Gushikawa,JP,2021-03-28 01:00:23,26.3544,127.8686,77.0,83,75,17.27,broken clouds
213,Navrongo,GH,2021-03-28 01:00:23,10.8956,-1.0921,86.05,41,19,5.32,few clouds
214,Vestmannaeyjar,IS,2021-03-28 01:00:23,63.4427,-20.2734,37.87,60,100,23.42,overcast clouds
215,Durban,ZA,2021-03-28 00:59:14,-29.8579,31.0292,69.01,68,20,12.66,few clouds
216,Presidente Medici,BR,2021-03-28 01:00:23,-11.1753,-61.9014,72.79,94,65,3.44,broken clouds
217,Owando,CG,2021-03-28 01:00:24,-0.4819,15.8999,71.82,88,64,1.36,broken clouds
218,Port Lincoln,AU,2021-03-28 00:56:44,-34.7333,135.8667,65.8,58,0,3.2,clear sky
219,Bundaberg,AU,2021-03-28 01:00:24,-24.85,152.35,80.6,54,41,2.3,scattered clouds
220,Havelock,US,2021-03-28 00:56:57,34.8791,-76.9013,66.99,94,75,2.95,broken clouds
221,Tocopilla,CL,2021-03-28 01:00:24,-22.092,-70.1979,67.68,74,12,4.25,few clouds
222,Sinjar,IQ,2021-03-28 01:00:24,36.3209,41.8754,41.34,51,0,5.5,clear sky
223,Maldonado,UY,2021-03-28 00:55:26,-34.6667,-54.9167,69.01,100,90,2.3,overcast clouds
224,Oktyabrskoye,RU,2021-03-28 01:00:25,43.0645,44.7417,41.0,70,100,4.47,overcast clouds
225,Freeport,US,2021-03-28 01:00:25,40.6576,-73.5832,55.0,62,1,6.91,clear sky
226,Guarapari,BR,2021-03-28 01:00:25,-20.6667,-40.4975,78.8,78,0,3.44,clear sky
227,Dover,US,2021-03-28 00:58:49,39.1582,-75.5244,62.01,59,90,6.91,overcast clouds
228,Ostrovnoy,RU,2021-03-28 01:00:25,68.0531,39.5131,30.79,89,87,23.04,overcast clouds
229,Grand Gaube,MU,2021-03-28 01:00:26,-20.0064,57.6608,77.0,84,98,4.88,overcast clouds
230,Namatanai,PG,2021-03-28 01:00:26,-3.6667,152.4333,84.76,70,98,9.28,light rain
231,Colonia,DE,2021-03-28 00:58:58,50.9333,6.95,45.0,81,0,4.61,clear sky
232,U Thong,TH,2021-03-28 01:00:26,14.3751,99.8923,89.01,61,100,8.63,overcast clouds
233,Kaitangata,NZ,2021-03-28 01:00:26,-46.2817,169.8464,64.99,77,100,8.99,overcast clouds
234,Sao Filipe,CV,2021-03-28 01:00:27,14.8961,-24.4956,69.64,75,0,13.96,clear sky
235,Eha Amufu,NG,2021-03-28 01:00:27,6.6592,7.7596,79.11,55,88,4.72,overcast clouds
236,Las Matas De Farfan,DO,2021-03-28 01:00:27,18.8731,-71.5166,72.34,75,35,3.53,scattered clouds
237,Salima,MW,2021-03-28 01:00:27,-13.7804,34.4587,68.07,93,69,3.13,broken clouds
238,Padang,ID,2021-03-28 00:58:48,-0.9492,100.3543,75.2,100,75,5.75,broken clouds
239,Bereda,ES,2021-03-28 00:55:43,43.2686,-7.5406,42.01,100,4,0.87,clear sky
240,Ramsey,US,2021-03-28 01:00:28,45.0333,-93.0835,37.99,87,90,16.11,light rain
241,Hobyo,SO,2021-03-28 01:00:28,5.3505,48.5268,79.66,78,55,12.77,broken clouds
242,Ishigaki,JP,2021-03-28 00:55:43,24.3448,124.1572,77.0,94,75,12.66,broken clouds
243,Alizai,PK,2021-03-28 01:00:28,33.5383,70.3462,63.34,59,4,1.74,clear sky
244,Hirara,JP,2021-03-28 01:00:29,24.8,125.2833,77.0,88,75,18.41,broken clouds
245,Strathroy,CA,2021-03-28 01:00:29,42.9551,-81.6223,48.99,60,19,7.36,few clouds
246,Flin Flon,CA,2021-03-28 01:00:10,54.7682,-101.865,16.88,87,95,2.37,overcast clouds
247,Jesus,PY,2021-03-28 01:00:29,-27.05,-55.7833,68.99,98,100,5.26,moderate rain
248,Srednekolymsk,RU,2021-03-28 01:00:29,67.45,153.6833,2.12,69,91,1.86,overcast clouds
249,Lata,PT,2021-03-28 01:00:30,40.1629,-8.3327,55.99,93,76,2.3,broken clouds
250,Guadalupe Y Calvo,MX,2021-03-28 01:00:30,26.1,-106.9667,51.51,17,5,6.06,clear sky
251,Acapulco,MX,2021-03-28 01:00:30,16.8634,-99.8901,84.2,58,1,2.3,clear sky
252,Mkushi,ZM,2021-03-28 01:00:30,-13.6202,29.3939,61.77,99,100,3.4,light rain
253,Opuwo,NA,2021-03-28 01:00:30,-18.0607,13.84,68.86,60,36,3.06,scattered clouds
254,Bethel,US,2021-03-28 01:00:31,41.3712,-73.414,57.2,54,1,4.61,clear sky
255,Madimba,TZ,2021-03-28 00:58:35,-10.4,40.3333,75.65,89,100,6.49,overcast clouds
256,Meulaboh,ID,2021-03-28 01:00:31,4.1363,96.1285,76.87,89,94,5.39,overcast clouds
257,Coquimbo,CL,2021-03-28 01:00:31,-29.9533,-71.3436,59.0,88,75,8.05,broken clouds
258,Long Beach,US,2021-03-28 00:56:01,33.767,-118.1892,73.0,30,1,14.97,clear sky
259,Salalah,OM,2021-03-28 01:00:32,17.0151,54.0924,75.2,43,0,2.3,clear sky
260,Tucurui,BR,2021-03-28 01:00:32,-3.7661,-49.6725,71.74,96,99,3.36,overcast clouds
261,Boshnyakovo,RU,2021-03-28 01:00:32,49.6333,142.1667,33.69,84,99,0.96,overcast clouds
262,Terney,RU,2021-03-28 01:00:32,45.0503,136.6092,42.71,78,100,3.38,overcast clouds
263,Nanortalik,GL,2021-03-28 01:00:32,60.1432,-45.2371,17.02,58,100,8.57,overcast clouds
264,Richards Bay,ZA,2021-03-28 01:00:33,-28.783,32.0377,70.23,81,100,18.59,light rain
265,Itarema,BR,2021-03-28 01:00:33,-2.9248,-39.9167,76.01,87,89,4.65,overcast clouds
266,Abong Mbang,CM,2021-03-28 01:00:33,3.9833,13.1833,69.87,76,93,2.35,overcast clouds
267,Mahbubnagar,IN,2021-03-28 01:00:33,16.7333,77.9833,77.22,43,5,2.68,clear sky
268,Kavieng,PG,2021-03-28 01:00:34,-2.5744,150.7967,85.06,70,100,14.58,light rain
269,Namibe,AO,2021-03-28 01:00:34,-15.1961,12.1522,74.93,74,93,5.23,overcast clouds
270,Touros,BR,2021-03-28 01:00:34,-5.1989,-35.4608,77.0,94,75,4.61,broken clouds
271,Los Llanos De Aridane,ES,2021-03-28 01:00:34,28.6585,-17.9182,66.2,63,0,9.22,clear sky
272,Fare,PF,2021-03-28 01:00:35,-16.7,-151.0167,82.35,74,6,22.44,light rain
273,Ilva Mare,RO,2021-03-28 01:00:35,47.3667,24.9,27.0,78,63,1.01,broken clouds
274,Oxapampa,PE,2021-03-28 01:00:35,-10.5775,-75.4017,60.64,97,97,1.3,overcast clouds
275,Lazaro Cardenas,MX,2021-03-28 01:00:35,17.9583,-102.2,75.45,63,4,5.28,clear sky
276,Khatanga,RU,2021-03-28 01:00:36,71.9667,102.5,0.1,96,93,7.76,overcast clouds
277,Mirabad,AF,2021-03-28 01:00:36,30.4362,61.8383,80.2,17,2,11.16,clear sky
278,Saint George,US,2021-03-28 00:57:21,37.1041,-113.5841,68.0,18,1,3.44,clear sky
279,Morro Bay,US,2021-03-28 01:00:36,35.3658,-120.8499,69.01,78,0,3.0,clear sky
280,Makungu,TZ,2021-03-28 01:00:36,-8.7333,35.2833,63.97,77,100,3.42,overcast clouds
281,Ventspils,LV,2021-03-28 01:00:37,57.3894,21.5606,41.0,87,90,16.11,overcast clouds
282,Vardo,NO,2021-03-28 01:00:37,70.3705,31.1107,37.0,93,100,19.93,overcast clouds
283,Kathmandu,NP,2021-03-28 01:00:37,27.7167,85.3167,53.6,76,20,2.3,mist
284,Sheridan,US,2021-03-28 00:59:16,44.8333,-106.9173,46.4,61,75,4.61,broken clouds
285,Karpathos,GR,2021-03-28 01:00:37,35.507,27.2132,53.6,54,3,3.44,clear sky
286,Seydi,TM,2021-03-28 01:00:38,39.4816,62.9137,57.65,52,96,13.82,overcast clouds
287,Along,IN,2021-03-28 01:00:38,28.1667,94.7667,67.01,37,0,1.19,clear sky
288,Longyearbyen,SJ,2021-03-28 01:00:38,78.2186,15.6401,30.2,69,40,25.32,snow
289,Aklavik,CA,2021-03-28 01:00:38,68.2191,-135.0107,-7.6,59,100,9.22,overcast clouds
290,Youghal,IE,2021-03-28 01:00:39,51.95,-7.8506,50.0,93,75,24.16,broken clouds
291,Maniitsoq,GL,2021-03-28 01:00:39,65.4167,-52.9,-9.87,87,22,8.84,few clouds
292,Hearst,CA,2021-03-28 01:00:39,49.6835,-83.6665,35.6,55,100,1.14,overcast clouds
293,Beringovskiy,RU,2021-03-28 00:59:20,63.05,179.3167,5.47,87,100,8.08,overcast clouds
294,Khilok,RU,2021-03-28 01:00:39,51.3674,110.4676,23.09,81,10,10.58,clear sky
295,Awbari,LY,2021-03-28 01:00:40,26.5921,12.7805,54.82,28,0,7.81,clear sky
296,Tambacounda,SN,2021-03-28 01:00:40,13.7539,-13.7586,89.6,35,0,6.91,clear sky
297,Acarau,BR,2021-03-28 01:00:40,-2.8856,-40.12,76.6,85,91,4.43,overcast clouds
298,Nishihara,JP,2021-03-28 01:00:40,26.1842,127.7558,77.0,88,75,14.97,broken clouds
299,Puerto Madryn,AR,2021-03-28 01:00:24,-42.7692,-65.0385,67.86,32,35,27.22,scattered clouds
300,Beyneu,KZ,2021-03-28 01:00:41,45.3167,55.2,35.91,97,100,12.64,overcast clouds
301,Maroantsetra,MG,2021-03-28 01:00:41,-15.4333,49.7333,74.25,87,100,5.88,overcast clouds
302,Ola,RU,2021-03-28 01:00:41,59.5833,151.2833,4.12,80,84,2.64,broken clouds
303,Chenzhou,CN,2021-03-28 01:00:41,25.8,113.0333,71.04,81,81,1.41,broken clouds
304,Boa Vista,BR,2021-03-28 01:00:26,2.8197,-60.6733,82.4,65,0,11.5,clear sky
305,Newport,GB,2021-03-28 01:00:42,51.5877,-2.9984,50.0,77,100,5.01,overcast clouds
306,Denpasar,ID,2021-03-28 01:00:42,-8.65,115.2167,82.4,89,20,1.14,few clouds
307,Margate,GB,2021-03-28 01:00:42,51.3813,1.3862,48.0,73,100,4.0,overcast clouds
308,Banda Aceh,ID,2021-03-28 01:00:42,5.5577,95.3222,80.96,74,70,3.4,broken clouds
309,Leningradskiy,RU,2021-03-28 01:00:43,69.3833,178.4167,-2.76,87,19,8.84,few clouds
310,Valdivia,CL,2021-03-28 01:00:43,-39.8142,-73.2459,59.0,72,61,4.61,broken clouds
311,Kot Samaba,PK,2021-03-28 01:00:43,28.5522,70.4684,80.85,17,0,5.93,clear sky
312,Nara,JP,2021-03-28 01:00:43,34.6851,135.8049,62.01,72,75,9.22,light rain
313,Lhokseumawe,ID,2021-03-28 00:56:58,5.1801,97.1507,79.57,80,100,3.96,overcast clouds
314,Conceicao Do Araguaia,BR,2021-03-28 01:00:44,-8.2578,-49.2647,73.47,92,34,2.59,scattered clouds
315,Abonnema,NG,2021-03-28 01:00:44,4.7084,6.7931,78.8,94,20,4.94,few clouds
316,Chernihiv,UA,2021-03-28 01:00:44,51.0,32.0,40.87,71,65,2.75,broken clouds
317,Sabha,LY,2021-03-28 01:00:44,27.0377,14.4283,55.51,37,1,11.79,clear sky
318,Vagur,FO,2021-03-28 01:00:45,61.4732,-6.8119,45.39,91,100,35.72,overcast clouds
319,Goderich,CA,2021-03-28 01:00:45,43.7501,-81.7165,44.6,81,100,5.75,overcast clouds
320,Torbay,CA,2021-03-28 00:59:56,47.6666,-52.7314,27.0,86,75,31.07,snow
321,Chara,RU,2021-03-28 01:00:45,56.9064,118.2631,18.39,80,99,1.79,overcast clouds
322,Aras,ES,2021-03-28 01:00:45,42.5617,-2.356,50.0,87,0,3.44,clear sky
323,Okhotsk,RU,2021-03-28 01:00:45,59.3833,143.3,10.87,78,100,3.74,overcast clouds
324,Riberalta,BO,2021-03-28 01:00:46,-10.9833,-66.1,74.1,94,95,0.69,overcast clouds
325,El Alto,PE,2021-03-28 01:00:46,-4.2714,-81.2147,70.84,77,100,7.07,overcast clouds
326,Mandalgovi,MN,2021-03-28 01:00:46,45.7625,106.2708,24.03,35,0,13.04,clear sky
327,Machico,PT,2021-03-28 01:00:46,32.7,-16.7667,64.4,88,75,17.27,broken clouds
328,Solnechnyy,RU,2021-03-28 00:57:47,50.7214,136.6319,33.19,84,100,2.33,overcast clouds
329,San Cristobal,VE,2021-03-28 01:00:47,7.7669,-72.225,73.4,94,75,2.3,fog
330,Lasa,IT,2021-03-28 01:00:47,46.6166,10.7002,46.0,80,0,4.61,clear sky
331,Deputatskiy,RU,2021-03-28 01:00:47,69.3,139.9,7.2,89,100,0.36,overcast clouds
332,Lensk,RU,2021-03-28 01:00:47,60.7253,114.9278,22.05,86,100,6.2,overcast clouds
333,Cuajinicuilapa,MX,2021-03-28 01:00:48,16.4667,-98.4167,78.12,53,0,3.74,clear sky
334,Geraldton,AU,2021-03-28 01:00:48,-28.7667,114.6,73.4,46,0,9.22,clear sky
335,Nantucket,US,2021-03-28 00:57:55,41.2835,-70.0995,41.0,86,100,14.83,overcast clouds
336,Grindavik,IS,2021-03-28 01:00:48,63.8424,-22.4338,33.8,100,75,9.22,light snow
337,Vale Da Amoreira,PT,2021-03-28 01:00:48,39.0697,-7.6985,55.99,64,28,1.99,scattered clouds
338,Charters Towers,AU,2021-03-28 00:56:33,-20.1,146.2667,85.77,41,0,13.89,clear sky
339,Tambo,PE,2021-03-28 01:00:49,-14.8,-73.9167,38.16,92,100,1.57,light rain
340,Umm Kaddadah,SD,2021-03-28 01:00:49,13.6017,26.6876,68.31,18,1,21.61,clear sky
341,Beira,MZ,2021-03-28 01:00:49,-19.8436,34.8389,78.8,94,40,3.44,light rain
342,Forbes,AU,2021-03-28 01:00:49,-33.3833,148.0167,70.61,39,0,4.92,clear sky
343,North Myrtle Beach,US,2021-03-28 00:57:47,33.816,-78.68,70.0,88,40,12.66,scattered clouds
344,Iralaya,HN,2021-03-28 01:00:50,15.0,-83.2333,80.6,78,20,5.75,few clouds
345,Hanmer Springs,NZ,2021-03-28 01:00:50,-42.5167,172.8167,64.58,76,100,5.21,light rain
346,Ailigandi,PA,2021-03-28 01:00:50,9.2333,-78.0167,79.39,80,96,13.38,overcast clouds
347,Coruripe,BR,2021-03-28 01:00:50,-10.1256,-36.1756,76.14,86,44,6.13,scattered clouds
348,Turkmenabat,TM,2021-03-28 01:00:50,39.0733,63.5786,59.0,100,90,4.61,light rain
349,Port Macquarie,AU,2021-03-28 01:00:51,-31.4333,152.9167,81.0,43,0,3.0,clear sky
350,Cacu,BR,2021-03-28 01:00:51,-18.5567,-51.1308,72.9,53,7,5.55,clear sky
351,Sambava,MG,2021-03-28 01:00:51,-14.2667,50.1667,74.57,86,100,5.08,overcast clouds
352,Ishcherskaya,RU,2021-03-28 01:00:51,43.7153,45.1264,44.6,65,0,8.95,clear sky
353,Mangrol,IN,2021-03-28 01:00:52,21.1167,70.1167,77.36,58,55,10.42,broken clouds
354,Salekhard,RU,2021-03-28 00:59:03,66.53,66.6019,4.82,97,97,2.48,overcast clouds
355,La Ronge,CA,2021-03-28 01:00:52,55.1001,-105.2842,28.4,50,11,3.44,few clouds
356,Valparaiso,CL,2021-03-28 01:00:52,-33.0393,-71.6273,59.0,77,0,4.61,clear sky
357,Ilheus,BR,2021-03-28 01:00:52,-14.7889,-39.0494,80.6,78,20,5.75,few clouds
358,Kawalu,ID,2021-03-28 01:00:53,-7.3817,108.2082,79.05,81,22,0.27,few clouds
359,Lumajang,ID,2021-03-28 00:58:29,-8.1335,113.2248,81.25,81,99,1.21,overcast clouds
360,Tura,IN,2021-03-28 00:59:53,25.5198,90.2201,75.18,15,0,1.81,clear sky
361,Nampula,MZ,2021-03-28 01:00:53,-15.1165,39.2666,73.4,94,20,5.75,few clouds
362,High Level,CA,2021-03-28 01:00:53,58.5169,-117.136,35.6,48,90,13.8,snow
363,Paamiut,GL,2021-03-28 01:00:53,61.994,-49.6678,2.93,78,1,26.35,clear sky
364,Matara,LK,2021-03-28 01:00:54,5.9485,80.5353,76.91,80,100,2.75,overcast clouds
365,Cadillac,US,2021-03-28 01:00:54,44.2519,-85.4012,41.0,70,90,9.22,overcast clouds
366,Kiruna,SE,2021-03-28 01:00:54,67.8557,20.2251,33.8,93,90,11.5,light rain
367,Khani,GE,2021-03-28 01:00:54,41.9563,42.9566,42.8,87,90,6.91,overcast clouds
368,Catalina Foothills,US,2021-03-28 01:00:55,32.2979,-110.9187,72.0,17,1,11.5,clear sky
369,Oksfjord,NO,2021-03-28 01:00:55,70.2396,22.3479,39.2,75,90,12.66,light rain
370,Whitecourt,CA,2021-03-28 01:00:09,54.1502,-115.6855,46.4,57,75,9.22,broken clouds
371,Faanui,PF,2021-03-28 01:00:55,-16.4833,-151.75,82.62,74,14,22.62,few clouds
372,Bombay,IN,2021-03-28 00:59:25,19.0144,72.8479,82.4,57,1,3.38,smoke
373,Orange Cove,US,2021-03-28 01:00:55,36.6244,-119.3137,75.0,27,1,4.61,clear sky
374,Bunia,CD,2021-03-28 01:00:56,1.5667,30.25,63.23,81,98,3.42,overcast clouds
375,Road Town,VG,2021-03-28 01:00:16,18.4167,-64.6167,78.8,78,40,13.8,scattered clouds
376,Tongliao,CN,2021-03-28 01:00:56,43.6125,122.2653,53.37,28,92,17.45,overcast clouds
377,Nazira,IN,2021-03-28 01:00:56,26.9167,94.7333,66.2,82,40,3.44,mist
378,Roma,US,2021-03-28 00:56:03,43.2128,-75.4557,46.4,61,1,4.61,clear sky
379,Bengkulu,ID,2021-03-28 00:58:51,-3.8004,102.2655,75.94,84,100,5.75,overcast clouds
380,Biskamzha,RU,2021-03-28 01:00:56,53.4497,89.5272,27.21,95,100,1.34,overcast clouds
381,Loreto,MX,2021-03-28 01:00:57,22.2667,-101.9667,72.09,11,21,7.38,few clouds
382,Gamba,GA,2021-03-28 01:00:57,-2.65,10.0,77.45,86,99,1.01,overcast clouds
383,Dakoro,NE,2021-03-28 01:00:57,14.5106,6.765,65.88,18,0,11.52,clear sky
384,Muswellbrook,AU,2021-03-28 01:00:57,-32.2667,150.9,73.65,51,5,3.89,clear sky
385,Guerrero Negro,MX,2021-03-28 00:59:29,27.9769,-114.0611,66.47,46,0,13.6,clear sky
386,Raudeberg,NO,2021-03-28 01:00:58,61.9875,5.1352,39.99,85,100,16.08,light rain
387,Pisco,PE,2021-03-28 01:00:58,-13.7,-76.2167,69.8,73,0,14.97,clear sky
388,Engels,RU,2021-03-28 01:00:58,51.5,46.1167,36.0,74,100,8.77,overcast clouds
389,Bonfim,BR,2021-03-28 01:00:58,3.0833,-59.95,81.91,57,28,8.55,scattered clouds
390,Jaciara,BR,2021-03-28 01:00:38,-15.9653,-54.9683,76.5,66,79,3.0,broken clouds
391,Sisimiut,GL,2021-03-28 01:00:59,66.9395,-53.6735,-11.04,92,60,9.44,broken clouds
392,Ridgecrest,US,2021-03-28 00:56:58,35.6225,-117.6709,75.2,9,1,4.61,clear sky
393,Carsamba,TR,2021-03-28 01:00:59,41.1989,36.7219,45.0,87,0,3.44,clear sky
394,Gerash,IR,2021-03-28 01:00:59,27.6652,54.1371,64.4,29,0,6.91,clear sky
395,Vuktyl,RU,2021-03-28 01:00:59,63.8567,57.3094,9.34,97,62,3.11,broken clouds
396,Coihaique,CL,2021-03-28 01:01:00,-45.5752,-72.0662,57.2,77,75,4.61,broken clouds
397,Guaruja,BR,2021-03-28 01:01:00,-23.9931,-46.2564,84.0,26,0,1.07,clear sky
398,Disraeli,CA,2021-03-28 00:58:34,45.9001,-71.3491,33.01,94,100,1.99,overcast clouds
399,Norfolk,US,2021-03-28 01:00:10,42.1668,-71.2495,48.99,76,100,1.01,overcast clouds
400,Taoudenni,ML,2021-03-28 01:01:00,22.6783,-3.9836,77.2,9,38,11.48,scattered clouds
401,Severo-Kurilsk,RU,2021-03-28 01:01:00,50.6789,156.125,28.09,81,94,33.82,light snow
402,Sibolga,ID,2021-03-28 01:01:01,1.7427,98.7792,79.72,81,22,2.08,few clouds
403,Kaniama,CD,2021-03-28 01:01:01,-7.5667,24.1833,64.71,96,79,2.15,broken clouds
404,Gat,IL,2021-03-28 01:01:01,31.61,34.7642,55.99,100,37,1.01,scattered clouds
405,Yeniseysk,RU,2021-03-28 01:01:01,58.4497,92.1703,28.9,97,100,3.04,light snow
406,Sept-Iles,CA,2021-03-28 01:01:02,50.2001,-66.3821,24.01,68,20,2.42,few clouds
407,Buala,SB,2021-03-28 01:01:02,-8.145,159.5921,84.42,73,63,10.47,moderate rain
408,Anloga,GH,2021-03-28 01:01:02,5.7947,0.8973,80.58,82,34,12.3,scattered clouds
409,Mount Gambier,AU,2021-03-28 00:57:01,-37.8333,140.7667,64.4,63,40,10.36,scattered clouds
410,Constitucion,CL,2021-03-28 01:01:02,-35.3333,-72.4167,59.54,66,99,12.21,overcast clouds
411,Gornopravdinsk,RU,2021-03-28 01:01:03,60.05,69.9,15.57,95,100,6.67,overcast clouds
412,Ilhabela,BR,2021-03-28 00:59:22,-23.7781,-45.3581,78.04,86,45,5.03,scattered clouds
413,Kralendijk,BQ,2021-03-28 00:57:14,12.15,-68.2667,78.8,78,40,14.97,scattered clouds
414,Olga,RU,2021-03-28 01:01:03,43.7444,135.2892,45.41,68,100,3.53,moderate rain
415,Saint Anthony,US,2021-03-28 01:01:03,45.0205,-93.218,37.4,87,90,13.8,light rain
416,Uyuni,BO,2021-03-28 00:58:24,-20.4597,-66.825,55.0,53,64,8.01,broken clouds
417,Yekaterinogradskaya,RU,2021-03-28 01:01:03,43.7635,44.2317,41.0,75,90,4.47,overcast clouds
418,Vaitape,PF,2021-03-28 01:00:30,-16.5167,-151.75,82.62,74,14,22.62,few clouds
419,Alyangula,AU,2021-03-28 01:01:04,-13.8483,136.4192,87.24,68,100,15.08,overcast clouds
420,Urumqi,CN,2021-03-28 01:01:04,43.801,87.6005,50.0,57,0,6.71,clear sky
421,Riyadh,SA,2021-03-28 00:57:23,24.6877,46.7219,73.4,21,6,14.97,clear sky
422,Wattegama,LK,2021-03-28 01:01:04,6.7989,81.4808,75.2,100,75,4.61,broken clouds
423,Asosa,ET,2021-03-28 01:01:04,10.0667,34.5333,66.43,49,87,1.1,overcast clouds
424,Harper,LR,2021-03-28 01:01:05,4.375,-7.7169,77.59,86,42,3.71,light rain
425,Robertsport,LR,2021-03-28 01:01:05,6.7533,-11.3686,79.38,88,13,6.42,light rain
426,Araouane,ML,2021-03-28 01:01:05,18.9048,-3.5265,74.14,6,0,11.36,clear sky
427,Pochutla,MX,2021-03-28 01:01:05,15.7432,-96.4661,87.8,42,1,9.22,clear sky
428,Jaynagar-Majilpur,IN,2021-03-28 01:01:06,22.1758,88.4178,77.0,94,40,3.56,mist
429,Puerto Del Rosario,ES,2021-03-28 01:00:39,28.5004,-13.8627,64.4,72,0,2.3,clear sky
430,Irbeyskoye,RU,2021-03-28 01:01:06,55.6428,95.4522,27.48,78,100,2.35,overcast clouds
431,Naze,JP,2021-03-28 01:01:06,28.3667,129.4833,71.6,94,75,20.71,broken clouds
432,Petropavlovsk-Kamchatskiy,RU,2021-03-28 01:01:06,53.0452,158.6483,33.8,44,100,29.08,overcast clouds
433,Russell,US,2021-03-28 01:01:07,32.3502,-85.1999,80.6,65,1,5.44,clear sky
434,Te Anau,NZ,2021-03-28 01:01:07,-45.4167,167.7167,65.05,77,100,3.2,moderate rain
435,Barstow,US,2021-03-28 01:01:07,34.8986,-117.0228,73.4,9,1,5.75,clear sky
436,Bilibino,RU,2021-03-28 01:01:07,68.0546,166.4372,-2.11,80,6,2.42,clear sky
437,Lakes Entrance,AU,2021-03-28 01:01:08,-37.8811,147.981,66.99,63,100,1.01,overcast clouds
438,Llanes,ES,2021-03-28 01:01:08,43.4198,-4.7549,52.0,72,0,2.98,clear sky
439,Kirakira,SB,2021-03-28 01:00:56,-10.4544,161.9205,85.26,73,55,11.36,broken clouds
440,Rafraf,TN,2021-03-28 01:01:08,37.1904,10.1837,57.2,82,20,10.89,few clouds
441,Huilong,CN,2021-03-28 01:01:08,31.8111,121.655,66.0,69,0,1.99,clear sky
442,Conde,BR,2021-03-28 01:01:08,-7.2597,-34.9075,78.8,94,75,2.3,broken clouds
443,Fairbanks,US,2021-03-28 01:00:48,64.8378,-147.7164,26.6,74,75,9.22,broken clouds
444,Bugko,PH,2021-03-28 01:01:09,12.5356,124.7923,83.86,70,88,7.36,overcast clouds
445,Klaksvik,FO,2021-03-28 01:01:09,62.2266,-6.589,44.6,100,75,21.85,broken clouds
446,Belogorsk,RU,2021-03-28 01:01:09,50.9158,128.4611,38.26,72,100,11.16,overcast clouds
447,Cap Malheureux,MU,2021-03-28 01:01:09,-19.9842,57.6142,77.0,84,100,4.5,overcast clouds
448,Lubumbashi,CD,2021-03-28 00:58:02,-11.6609,27.4794,60.28,98,100,3.0,light rain
449,Camacha,PT,2021-03-28 01:01:10,33.0833,-16.3333,64.4,82,40,21.85,scattered clouds
450,Saint-Georges,GD,2021-03-28 01:01:10,12.0564,-61.7485,78.8,78,40,11.5,scattered clouds
451,San Francisco,US,2021-03-28 00:59:37,37.7749,-122.4194,73.4,17,1,16.11,clear sky
452,Tiznit,MA,2021-03-28 01:01:10,29.5833,-9.5,67.5,24,9,13.13,clear sky
453,Rorvik,NO,2021-03-28 01:01:10,64.8621,11.2373,39.43,73,98,18.39,overcast clouds
454,Caravelas,BR,2021-03-28 01:01:11,-17.7125,-39.2481,75.09,76,49,5.14,scattered clouds
455,Mocuba,MZ,2021-03-28 01:01:11,-16.8392,36.9856,71.92,98,97,2.73,light rain
456,Catuday,PH,2021-03-28 01:01:11,16.2923,119.8062,81.88,68,98,4.81,overcast clouds
457,Zykovo,RU,2021-03-28 01:01:11,55.9519,93.1461,26.6,74,0,3.04,clear sky
458,Eckernforde,DE,2021-03-28 01:01:04,54.4667,9.8333,39.99,94,100,5.01,overcast clouds
459,Umm Lajj,SA,2021-03-28 01:01:12,25.0213,37.2685,70.32,46,92,17.76,overcast clouds
460,Bogotol,RU,2021-03-28 01:00:07,56.2078,89.5342,26.49,97,100,6.55,light snow
461,Dingle,PH,2021-03-28 01:01:12,10.9995,122.6711,83.32,72,100,9.8,overcast clouds
462,Batsfjord,NO,2021-03-28 01:01:12,70.6345,29.7185,36.77,93,100,17.63,overcast clouds
463,Antsohihy,MG,2021-03-28 01:01:13,-14.8796,47.9875,72.48,94,87,1.59,overcast clouds
464,Aquin,HT,2021-03-28 01:01:13,18.2833,-73.4,76.98,75,0,2.28,clear sky
465,Matadi,CD,2021-03-28 01:01:13,-5.8167,13.45,75.51,98,61,3.04,broken clouds
466,Pimentel,PE,2021-03-28 00:57:57,-6.8367,-79.9342,73.4,68,0,19.57,clear sky
467,Itoman,JP,2021-03-28 01:01:13,26.1247,127.6694,77.0,83,40,18.41,scattered clouds
468,Bandarbeyla,SO,2021-03-28 01:01:13,9.4942,50.8122,77.72,80,13,9.15,few clouds
469,Eyrarbakki,IS,2021-03-28 01:01:14,63.863,-21.1481,30.2,93,90,23.02,snow
470,Vila Franca Do Campo,PT,2021-03-28 01:01:14,37.7167,-25.4333,53.6,82,40,3.44,scattered clouds
471,Mwinilunga,ZM,2021-03-28 01:01:14,-11.7358,24.4293,61.84,98,100,3.0,light rain
472,Obo,CF,2021-03-28 01:01:14,5.3998,26.4869,71.01,69,98,2.8,overcast clouds
473,Chernyshevskiy,RU,2021-03-28 01:01:15,63.0128,112.4714,19.26,93,97,7.43,overcast clouds
474,Saldanha,ZA,2021-03-28 01:00:41,-33.0117,17.9442,55.4,76,7,2.3,clear sky
475,Olafsvik,IS,2021-03-28 00:57:14,64.8945,-23.7142,28.11,86,100,34.14,light snow
476,Port Hedland,AU,2021-03-28 01:01:15,-20.3167,118.5667,87.8,66,90,5.75,overcast clouds
477,Sola,VU,2021-03-28 01:01:15,-13.8833,167.55,89.6,74,75,10.36,broken clouds
478,Guider,CM,2021-03-28 01:01:15,9.9342,13.9486,81.25,15,22,11.74,few clouds
479,Rundu,NA,2021-03-28 00:57:15,-17.9333,19.7667,64.69,88,75,3.71,broken clouds
480,Manitouwadge,CA,2021-03-28 01:01:16,49.1215,-85.8403,33.8,80,100,2.3,overcast clouds
481,Bubaque,GW,2021-03-28 00:59:19,11.2833,-15.8333,76.37,71,83,12.5,broken clouds
482,Dakar,SN,2021-03-28 01:01:11,14.6937,-17.4441,66.2,88,0,13.8,clear sky
483,Launceston,AU,2021-03-28 00:57:07,-41.45,147.1667,64.99,59,70,14.97,broken clouds
484,Makakilo City,US,2021-03-28 01:01:16,21.3469,-158.0858,84.2,48,40,10.36,scattered clouds
485,Kaabong,UG,2021-03-28 01:01:16,3.4836,34.1492,65.23,69,100,3.33,overcast clouds
486,Omboue,GA,2021-03-28 01:01:16,-1.5746,9.2618,78.44,86,78,5.5,broken clouds
487,Saint-Denis,FR,2021-03-28 01:01:17,48.9167,2.3333,48.99,76,0,1.14,clear sky
488,Yulara,AU,2021-03-28 01:01:17,-25.2406,130.9889,78.8,61,94,12.66,overcast clouds
489,Kwinana,AU,2021-03-28 01:01:17,-32.25,115.7667,73.99,53,0,4.61,clear sky
490,Inirida,CO,2021-03-28 01:01:17,3.8653,-67.9239,74.75,89,20,1.01,few clouds
491,Darnah,LY,2021-03-28 01:01:18,32.767,22.6367,54.88,76,4,10.11,clear sky
492,Carson City,US,2021-03-28 00:58:00,39.1638,-119.7674,66.2,11,1,13.8,clear sky
493,Las Palmas,ES,2021-03-28 01:01:18,28.4204,-14.0131,64.4,72,0,2.3,clear sky
494,Jiwani,PK,2021-03-28 01:01:18,25.05,61.7417,77.34,80,58,9.82,broken clouds
495,Toledo,ES,2021-03-28 01:00:49,39.8333,-4.0,54.0,60,14,8.97,few clouds
496,Manzanillo,CU,2021-03-28 01:01:18,20.3433,-77.1167,78.51,65,30,12.19,scattered clouds
497,Lagoa,PT,2021-03-28 01:01:19,39.05,-27.9833,59.25,86,62,13.0,broken clouds
498,Waingapu,ID,2021-03-28 01:01:19,-9.6567,120.2641,83.61,74,100,7.38,overcast clouds
499,Palmer,US,2021-03-28 01:01:19,42.1584,-72.3287,53.6,50,75,4.61,broken clouds
500,Chicama,PE,2021-03-28 01:01:19,-7.8447,-79.1469,72.34,76,100,5.59,overcast clouds
501,Beberibe,BR,2021-03-28 01:01:19,-4.1797,-38.1306,77.0,94,75,3.44,broken clouds
502,Kholm,RU,2021-03-28 01:01:20,59.2667,32.85,31.55,89,84,4.47,broken clouds
503,Vytegra,RU,2021-03-28 01:01:20,61.0064,36.4481,33.01,85,100,4.9,overcast clouds
504,Sobolevo,RU,2021-03-28 00:56:55,54.4299,31.8996,33.87,95,94,8.03,overcast clouds
505,Logan,US,2021-03-28 00:58:02,41.7355,-111.8344,52.0,37,40,6.91,scattered clouds
506,Mahajanga,MG,2021-03-28 01:01:20,-15.7167,46.3167,77.0,83,20,4.61,few clouds
507,Salou,ES,2021-03-28 00:59:06,41.0766,1.1416,54.0,87,40,1.14,scattered clouds
508,Namie,JP,2021-03-28 01:01:20,37.4833,141.0,61.0,68,100,1.01,overcast clouds
509,Sao Joao Da Barra,BR,2021-03-28 01:01:21,-21.6403,-41.0511,77.07,88,0,8.68,clear sky
510,Wencheng,CN,2021-03-28 01:01:21,33.0559,113.7978,65.16,65,0,10.85,clear sky
511,Ilulissat,GL,2021-03-28 01:01:21,69.2167,-51.1,-16.6,58,1,3.44,clear sky
512,Kapustin Yar,RU,2021-03-28 01:01:22,48.5831,45.7372,36.18,94,100,9.86,overcast clouds
513,Brownwood,US,2021-03-28 01:01:22,31.7093,-98.9912,75.2,38,40,16.11,scattered clouds
514,Mattru,SL,2021-03-28 01:01:22,7.6244,-11.8332,76.93,90,4,1.57,clear sky
515,Manokwari,ID,2021-03-28 01:01:22,-0.8667,134.0833,77.29,86,100,2.13,moderate rain
516,Pathri,IN,2021-03-28 01:01:22,19.25,76.45,78.31,16,0,3.24,clear sky
517,Kotturu,IN,2021-03-28 01:01:23,14.8167,76.2167,74.3,77,67,6.22,broken clouds
518,Carroll,US,2021-03-28 01:01:23,39.5501,-77.0164,60.01,62,100,1.99,overcast clouds
519,Tres Arroyos,AR,2021-03-28 01:01:24,-38.3739,-60.2798,52.92,89,0,7.2,clear sky
520,Vila,PT,2021-03-28 01:01:24,42.0304,-8.1588,45.0,77,0,4.07,clear sky
521,Custoias,PT,2021-03-28 01:01:25,41.1053,-7.321,46.99,83,33,3.38,scattered clouds
522,Melfi,IT,2021-03-28 01:01:25,40.9965,15.6514,37.0,82,30,1.01,scattered clouds
523,Goundam,ML,2021-03-28 01:01:25,16.4145,-3.6708,74.95,9,0,11.43,clear sky
524,Merrill,US,2021-03-28 01:01:25,45.1805,-89.6835,36.0,100,90,3.44,snow
525,Biak,ID,2021-03-28 01:01:26,-0.9131,122.8766,81.32,70,100,0.78,heavy intensity rain
526,George,ZA,2021-03-28 01:01:26,-33.963,22.4617,53.6,87,0,3.44,clear sky
527,Moshupa,BW,2021-03-28 01:01:26,-24.7782,25.4155,67.66,41,71,0.98,broken clouds
528,Birjand,IR,2021-03-28 01:01:26,32.8663,59.2211,68.0,15,0,13.8,clear sky
529,Vorgashor,RU,2021-03-28 01:01:26,67.5833,63.95,17.78,92,100,16.58,overcast clouds
530,Vestmanna,FO,2021-03-28 01:01:27,62.1564,-7.1664,44.6,100,75,21.85,broken clouds
531,Sibu,MY,2021-03-28 01:01:27,2.3,111.8167,78.8,89,40,0.43,scattered clouds
532,Sidi Bin Nur,TN,2021-03-28 01:01:27,35.5333,10.9167,60.8,51,0,13.8,clear sky
533,West Plains,US,2021-03-28 01:01:27,36.7281,-91.8524,64.0,88,75,12.84,broken clouds
534,Sangar,RU,2021-03-28 01:01:28,63.9242,127.4739,18.09,91,100,3.24,light snow
535,Ibipeba,BR,2021-03-28 01:01:28,-11.6408,-42.0111,70.43,52,42,3.89,scattered clouds
536,Yamethin,MM,2021-03-28 01:01:28,20.4333,96.15,82.69,31,76,4.34,broken clouds
537,Isiro,CD,2021-03-28 01:00:16,2.7739,27.616,62.98,94,100,1.74,overcast clouds
538,Sabalgarh,IN,2021-03-28 01:01:28,26.25,77.4,75.43,26,0,3.09,clear sky
539,Victor Harbor,AU,2021-03-28 01:01:29,-35.5667,138.6167,66.0,67,26,5.79,scattered clouds
540,San Rafael Del Sur,NI,2021-03-28 01:01:29,11.8485,-86.4384,86.0,39,20,18.41,few clouds
541,Rosetta,EG,2021-03-28 01:01:29,31.4044,30.4164,59.0,63,40,12.66,scattered clouds
542,Nelson Bay,AU,2021-03-28 01:01:29,-32.7167,152.15,75.99,46,0,4.61,clear sky
543,Taraz,KZ,2021-03-28 01:01:30,42.9,71.3667,48.2,93,90,6.71,light rain
544,Komsomolskiy,UZ,2021-03-28 01:01:30,40.4272,71.7189,53.6,87,75,2.3,mist
545,Malanje,AO,2021-03-28 01:01:30,-9.5402,16.341,61.9,96,22,3.04,few clouds
546,Conceicao Da Barra,BR,2021-03-28 01:01:00,-18.5933,-39.7322,76.37,80,37,6.35,scattered clouds
547,Adrar,MR,2021-03-28 01:01:30,20.5022,-10.0711,76.5,6,2,8.61,clear sky
548,Hurricane,US,2021-03-28 01:01:31,37.1753,-113.2899,68.0,17,1,8.03,clear sky
549,Gayny,RU,2021-03-28 01:01:31,60.3071,54.3241,11.05,98,69,3.8,broken clouds
550,Acari,PE,2021-03-28 01:01:31,-15.4311,-74.6158,74.12,70,5,4.27,clear sky
551,Davenda,RU,2021-03-28 01:01:31,53.5556,119.317,27.93,91,100,10.38,snow
552,Yenagoa,NG,2021-03-28 01:01:32,4.9247,6.2642,77.43,88,66,3.89,broken clouds
553,The Valley,AI,2021-03-28 00:57:42,18.217,-63.0578,78.8,69,40,17.27,scattered clouds
554,Conakry,GN,2021-03-28 01:01:32,9.538,-13.6773,80.6,74,20,6.91,haze
555,Moranbah,AU,2021-03-28 01:01:32,-22.0016,148.0466,85.82,42,0,14.25,clear sky
556,Basco,PH,2021-03-28 01:01:32,20.4487,121.9702,80.13,85,10,16.64,clear sky
557,Calabozo,VE,2021-03-28 01:01:33,8.9242,-67.4293,83.12,46,92,9.91,overcast clouds
558,Saint-Paul,RE,2021-03-28 01:01:33,-21.0096,55.2707,75.2,83,0,4.61,clear sky
559,Turayf,SA,2021-03-28 01:01:33,31.6725,38.6637,42.8,56,0,9.22,clear sky
560,Grand Baie,MU,2021-03-28 01:01:33,-20.0182,57.5802,77.0,84,97,4.05,overcast clouds
561,Bilma,NE,2021-03-28 01:01:33,18.6853,12.9164,67.39,15,0,18.77,clear sky
562,Narsaq,GL,2021-03-28 00:58:43,60.9167,-46.05,10.4,52,75,1.14,broken clouds
563,Bemidji,US,2021-03-28 01:01:34,47.4736,-94.8803,35.01,55,75,4.61,broken clouds
564,Plettenberg Bay,ZA,2021-03-28 01:01:34,-34.0527,23.3716,57.87,80,0,4.65,clear sky
565,Abu Kamal,SY,2021-03-28 01:01:34,34.4506,40.9171,48.16,35,0,8.01,clear sky
566,Moron,AR,2021-03-28 01:01:34,-34.6534,-58.6198,66.99,89,70,1.01,broken clouds
567,Shingu,JP,2021-03-28 01:01:35,33.7333,135.9833,64.4,77,75,18.41,broken clouds
568,Ibi,ES,2021-03-28 01:01:35,38.6253,-0.5723,54.0,65,50,6.29,scattered clouds
569,Lujiang,CN,2021-03-28 01:01:35,31.2581,117.2817,63.0,88,0,8.95,mist
570,Ghanzi,BW,2021-03-28 01:01:35,-21.5667,21.7833,72.57,57,99,4.72,overcast clouds
571,Calimete,CU,2021-03-28 01:01:36,22.5333,-80.9061,82.4,65,10,2.3,moderate rain
572,Moose Factory,CA,2021-03-28 01:01:36,51.2585,-80.6094,24.8,74,1,6.91,clear sky
573,Qui Nhon,VN,2021-03-28 00:59:11,13.7667,109.2333,78.3,79,100,3.4,overcast clouds
574,Perth,AU,2021-03-28 01:00:06,-31.9333,115.8333,77.0,49,0,13.8,clear sky
575,Asau,RO,2021-03-28 01:01:36,46.4333,26.4,39.0,50,100,5.44,light rain
576,Craig,US,2021-03-28 01:01:36,40.5153,-107.5464,48.2,34,75,10.36,broken clouds
577,Tsaratanana,MG,2021-03-28 01:01:37,-16.7833,47.65,71.74,95,99,2.01,overcast clouds
578,Pag,HR,2021-03-28 01:01:37,44.445,15.0575,50.0,93,40,4.61,scattered clouds
579,Aleksandrovskiy Zavod,RU,2021-03-28 01:01:37,50.9237,117.9374,30.09,87,100,13.2,light snow
580,Trincomalee,LK,2021-03-28 01:01:37,8.5711,81.2335,79.11,81,84,2.91,broken clouds
581,Alice Springs,AU,2021-03-28 01:01:37,-23.7,133.8833,78.8,47,16,14.97,few clouds
582,Troitskoye,RU,2021-03-28 01:01:38,52.9821,84.6757,33.8,99,100,6.98,overcast clouds
583,Teya,RU,2021-03-28 01:01:38,60.3778,92.6267,22.57,95,100,3.78,overcast clouds
584,Nakamura,JP,2021-03-28 01:01:38,32.9833,132.9333,62.46,97,100,10.8,light rain
585,Kahului,US,2021-03-28 00:57:59,20.8947,-156.47,82.4,57,40,23.02,scattered clouds
586,Pitimbu,BR,2021-03-28 01:01:38,-7.4706,-34.8086,78.8,94,75,2.3,light rain
587,Copiapo,CL,2021-03-28 01:01:39,-27.3667,-70.3333,57.2,82,90,11.5,overcast clouds
588,Muisne,EC,2021-03-28 01:01:39,0.6,-80.0333,76.21,83,65,1.19,broken clouds
589,Batemans Bay,AU,2021-03-28 00:58:51,-35.7167,150.1833,69.01,66,21,4.0,few clouds
590,Kailua,US,2021-03-28 00:59:28,21.4022,-157.7394,82.4,73,40,14.97,scattered clouds
591,Mareeba,AU,2021-03-28 01:01:39,-17.0,145.4333,82.99,69,36,4.0,scattered clouds
592,Novoukrayinka,UA,2021-03-28 01:01:39,48.3264,31.5285,44.37,70,100,4.05,overcast clouds
593,Waynesville,US,2021-03-28 01:01:40,35.4887,-82.9887,57.0,76,100,1.99,overcast clouds
594,Indapur,IN,2021-03-28 01:01:40,18.3,73.25,79.18,29,5,0.63,clear sky
595,Havoysund,NO,2021-03-28 01:01:40,70.9963,24.6622,39.2,81,75,13.8,light rain
596,Lichtenburg,ZA,2021-03-28 01:01:40,-26.152,26.1597,59.02,53,67,6.08,broken clouds
597,Jalu,LY,2021-03-28 01:01:40,29.0331,21.5482,54.07,39,0,6.85,clear sky
598,Clyde River,CA,2021-03-28 00:59:21,70.4692,-68.5914,-5.8,71,75,4.61,broken clouds
599,Kazanskaya,RU,2021-03-28 01:01:41,45.4106,40.4361,41.0,77,100,16.02,light rain
600,Blagoveshchenka,RU,2021-03-28 01:01:41,52.8333,79.8667,26.08,93,90,9.06,overcast clouds
601,Tautira,PF,2021-03-28 01:01:40,-17.7333,-149.15,89.6,55,20,9.22,light rain
602,Muros,ES,2021-03-28 01:01:41,42.7762,-9.0603,46.0,89,0,1.99,clear sky
603,San Antonio,US,2021-03-28 00:58:21,29.4241,-98.4936,87.8,39,1,7.63,clear sky
604,Eureka,US,2021-03-28 01:01:41,40.8021,-124.1637,61.0,71,8,3.33,clear sky
605,High Rock,BS,2021-03-28 01:01:42,26.6208,-78.2833,77.0,73,0,9.22,clear sky
606,Kyra,RU,2021-03-28 01:01:42,49.5776,111.9753,26.33,49,100,21.7,overcast clouds
607,Portlethen,GB,2021-03-28 01:01:42,57.0547,-2.1307,45.0,87,75,27.63,moderate rain
608,Dong Xoai,VN,2021-03-28 00:59:53,11.5333,106.9167,82.76,62,63,1.86,broken clouds
609,Sinnamary,GF,2021-03-28 01:01:13,5.3833,-52.95,76.66,88,92,11.61,overcast clouds
610,Capinota,BO,2021-03-28 01:01:42,-17.7167,-66.2333,60.8,67,75,4.61,broken clouds
611,Saint-Marc-Des-Carrieres,CA,2021-03-28 01:01:43,46.6834,-72.0491,30.2,80,100,5.75,overcast clouds
612,Kampot,KH,2021-03-28 01:01:43,10.6167,104.1833,84.2,74,40,5.75,scattered clouds
613,Kushmurun,KZ,2021-03-28 01:01:43,52.4503,64.6311,25.32,93,97,10.18,overcast clouds
614,Tekkali,IN,2021-03-28 01:01:43,18.6167,84.2333,77.27,73,1,4.54,clear sky
615,Visby,SE,2021-03-28 01:01:44,57.6409,18.296,39.0,93,90,20.71,overcast clouds
616,Venado Tuerto,AR,2021-03-28 01:00:04,-33.7456,-61.9688,61.0,99,100,15.99,overcast clouds
617,Redmond,US,2021-03-28 01:01:44,47.674,-122.1215,55.0,64,100,0.47,overcast clouds
618,Avera,US,2021-03-28 01:01:44,33.194,-82.5271,75.2,88,75,4.61,broken clouds
619,Praia Da Vitoria,PT,2021-03-28 01:00:47,38.7333,-27.0667,60.01,88,75,4.94,broken clouds
620,Marzuq,YE,2021-03-28 01:01:44,14.4,46.4667,63.46,41,6,4.97,clear sky
621,Gondanglegi,ID,2021-03-28 01:01:45,-7.7479,112.0132,80.83,81,24,1.77,few clouds
622,Matagami,CA,2021-03-28 01:01:45,49.7502,-77.6328,30.2,55,1,3.15,clear sky
623,Pedana,IN,2021-03-28 01:01:45,16.2667,81.1667,78.8,94,40,2.73,mist
624,Shirokiy,RU,2021-03-28 01:01:45,49.758,129.523,37.24,85,97,15.35,overcast clouds
625,Vernon,CA,2021-03-28 01:00:02,50.2581,-119.2691,57.0,38,64,4.61,broken clouds
626,Taree,AU,2021-03-28 01:01:46,-31.9,152.4667,75.2,50,0,8.05,clear sky
627,Cockburn Town,TC,2021-03-28 01:01:29,21.4612,-71.1419,77.32,75,0,23.91,clear sky
628,Leshukonskoye,RU,2021-03-28 01:01:46,64.8989,45.7622,18.99,95,44,5.03,scattered clouds
629,Okha,RU,2021-03-28 01:01:46,53.5739,142.9478,25.57,77,10,12.93,clear sky
630,Tecoanapa,MX,2021-03-28 01:01:46,16.5167,-98.75,78.84,62,0,3.02,clear sky
631,Hambantota,LK,2021-03-28 01:01:46,6.1241,81.1185,75.2,100,75,4.61,broken clouds
632,Portree,GB,2021-03-28 01:01:47,57.4129,-6.1942,44.01,90,100,18.01,overcast clouds
633,Oranjestad,AW,2021-03-28 01:01:47,12.524,-70.027,80.6,74,20,23.02,few clouds
634,Broome,US,2021-03-28 01:01:47,42.2506,-75.833,48.99,71,1,6.91,clear sky
635,Laguna,US,2021-03-28 01:01:47,38.421,-121.4238,73.99,23,1,4.61,clear sky
636,Ciudad Bolivar,VE,2021-03-28 01:01:48,8.1222,-63.5497,78.66,67,48,13.29,scattered clouds
637,Egvekinot,RU,2021-03-28 01:01:48,66.3167,-179.1667,-7.06,93,91,2.1,overcast clouds
638,Sao Domingos,BR,2021-03-28 01:01:48,-13.3983,-46.3183,72.45,47,57,3.98,broken clouds
639,Idah,NG,2021-03-28 01:01:48,7.1065,6.7342,80.22,57,63,3.49,broken clouds
640,Trairi,BR,2021-03-28 01:01:49,-3.2778,-39.2689,74.64,90,71,3.42,broken clouds
641,Kemijarvi,FI,2021-03-28 01:01:49,66.7131,27.4306,35.98,93,100,12.21,overcast clouds
642,Andros Town,BS,2021-03-28 01:01:49,24.7,-77.7667,77.0,78,40,10.36,scattered clouds
643,Tunduma,TZ,2021-03-28 01:01:49,-9.3,32.7667,57.92,95,100,1.72,overcast clouds
644,Winnemucca,US,2021-03-28 01:01:49,40.973,-117.7357,62.6,19,1,5.75,clear sky
645,Nuuk,GL,2021-03-28 01:01:50,64.1835,-51.7216,1.4,71,20,21.85,few clouds
646,Great Falls,US,2021-03-28 01:01:29,47.5002,-111.3008,54.0,35,1,16.11,clear sky
647,Axim,GH,2021-03-28 01:01:50,4.8699,-2.2405,78.13,87,33,4.59,scattered clouds
648,Erenhot,CN,2021-03-28 01:01:50,43.6475,111.9767,31.82,35,0,24.16,clear sky
649,Whitianga,NZ,2021-03-28 01:01:50,-36.8333,175.7,71.01,76,100,8.01,overcast clouds
650,Camacari,BR,2021-03-28 01:01:51,-12.6975,-38.3242,80.6,61,40,6.91,scattered clouds
651,Mizan Teferi,ET,2021-03-28 01:01:51,6.9833,35.5833,65.8,59,99,2.21,overcast clouds
652,Bariri,BR,2021-03-28 01:00:19,-22.0744,-48.7403,73.0,76,100,3.0,moderate rain
653,Bom Jesus Da Lapa,BR,2021-03-28 01:01:51,-13.255,-43.4181,74.19,37,100,3.85,overcast clouds
654,Burnie,AU,2021-03-28 01:01:51,-41.0667,145.9167,62.78,57,19,11.41,few clouds
655,Tukrah,LY,2021-03-28 01:01:52,32.5341,20.5791,52.52,75,4,2.48,clear sky
656,Xapuri,BR,2021-03-28 01:01:52,-10.6517,-68.5044,73.6,97,100,1.88,overcast clouds
657,Clonakilty,IE,2021-03-28 01:01:52,51.6231,-8.8706,50.0,93,75,24.16,broken clouds
658,Teknaf,BD,2021-03-28 01:01:52,20.8624,92.3058,78.03,45,100,2.95,overcast clouds
659,Dalvik,IS,2021-03-28 01:01:52,65.9702,-18.5286,21.2,86,90,10.36,snow
660,Kasama,ZM,2021-03-28 01:01:53,-10.2129,31.1808,61.79,94,100,2.28,overcast clouds
661,Pemangkat,ID,2021-03-28 01:01:53,1.1667,108.9667,77.94,89,94,3.94,overcast clouds
662,Lokosovo,RU,2021-03-28 01:01:53,61.1333,74.8167,7.7,95,86,6.98,overcast clouds
663,Omutninsk,RU,2021-03-28 01:01:53,58.67,52.1932,10.26,99,79,3.94,broken clouds
664,Sheffield,GB,2021-03-28 01:01:54,53.383,-1.4659,46.99,79,100,8.01,overcast clouds
665,Ryotsu,JP,2021-03-28 01:01:54,38.0833,138.4333,53.6,71,90,8.05,moderate rain
666,Sulangan,PH,2021-03-28 01:01:54,11.1373,123.7228,81.73,77,25,8.7,scattered clouds
667,Comodoro Rivadavia,AR,2021-03-28 01:01:54,-45.8667,-67.5,71.6,37,0,19.57,clear sky
668,Sturgis,US,2021-03-28 01:01:55,41.7992,-85.4192,57.2,94,90,11.5,moderate rain
669,Oriximina,BR,2021-03-28 01:01:55,-1.7656,-55.8661,74.59,92,64,3.83,broken clouds
670,Teguldet,RU,2021-03-28 01:01:55,57.3064,88.1667,28.11,97,100,4.81,snow
671,Zhigansk,RU,2021-03-28 01:01:55,66.7697,123.3711,13.03,92,96,5.12,overcast clouds
672,Asfi,MA,2021-03-28 01:01:56,32.2994,-9.2372,61.95,73,100,3.91,overcast clouds
673,Abdanan,IR,2021-03-28 01:01:56,32.9926,47.4198,41.07,39,0,12.24,clear sky
674,Praxedis Guerrero,MX,2021-03-28 01:01:56,31.3667,-106.0167,62.6,22,20,14.97,few clouds
675,Naples,IT,2021-03-28 01:01:56,40.8333,14.25,51.01,87,0,2.3,clear sky
676,Beni Mazar,EG,2021-03-28 01:01:56,28.4962,30.8029,51.89,61,0,15.3,clear sky
677,Roald,NO,2021-03-28 01:01:57,62.5833,6.1333,39.0,87,20,6.91,few clouds
678,Miyang,CN,2021-03-28 01:01:57,24.4042,103.4428,65.62,34,0,2.77,clear sky
679,Koslan,RU,2021-03-28 01:01:57,63.4564,48.8989,15.51,97,55,3.22,broken clouds
680,Ende,ID,2021-03-28 01:01:57,-8.8432,121.6623,84.42,72,99,2.3,overcast clouds
681,Tarcau,RO,2021-03-28 01:01:58,46.8667,26.1333,41.0,60,78,5.03,broken clouds
682,San Lazaro,BZ,2021-03-28 01:01:58,18.0387,-88.6622,82.4,74,40,13.8,scattered clouds
683,Hit,IQ,2021-03-28 01:01:58,33.6416,42.8251,51.31,30,0,9.33,clear sky
684,Mao,ES,2021-03-28 01:01:58,39.8885,4.2658,51.8,82,0,10.36,clear sky
685,Berlevag,NO,2021-03-28 01:01:58,70.8578,29.0864,36.1,92,100,18.45,overcast clouds
686,Zhireken,RU,2021-03-28 01:01:59,52.8249,117.3076,28.27,90,100,11.88,light snow
687,Belmonte,BR,2021-03-28 01:01:59,-15.8631,-38.8828,78.8,73,0,5.75,clear sky
688,Kaliganj,BD,2021-03-28 01:01:59,23.4095,89.1402,78.19,33,0,3.0,clear sky
689,Valday,RU,2021-03-28 01:02:00,57.9747,33.2525,32.38,87,93,4.65,overcast clouds
690,Balogo,PH,2021-03-28 01:02:00,10.8868,124.7105,82.72,74,96,3.33,overcast clouds
